Donor/Milk Bank,Type,Total Received Volume (mL),Donor/Milk Bank,Follow Up Dates
DON013650 ,DONOR,"53,750.00",9,10/5/2025
DON014010 ,DONOR,"4,660.00",1,
DON013903 ,DONOR,"14,560.00",3,11/5/2025
DON012836 ,DONOR,"84,000.00",14,
DON013912 ,DONOR,"18,000.00",3,2/4/2026
DON013443 ,DONOR,"3,020.00",1,8/25/2025
DON014944 ,DONOR,"16,610.00",3,6/24/2026
DON014876 ,DONOR,"5,170.00",1,5/27/2026
DON012368 ,DONOR,"13,550.00",3,3/28/2025
DON014413 ,DONOR,"212,200.00",34,7/15/2026
DON013133 ,DONOR,"5,080.00",1,8/20/2025
DON015036 ,DONOR,"4,160.00",1,6/10/2026
DON014297 ,DONOR,"8,540.00",2,2/11/2026
DON012727 ,DONOR,"3,360.00",2,6/5/2025
DON012859 ,DONOR,"10,150.00",3,7/12/2025
DON014449 ,DONOR,"3,610.00",1,7/29/2026
DON013476 ,DONOR,"12,220.00",2,
DON012831 ,DONOR,"6,110.00",2,4/25/2025
DON013622 ,DONOR,"13,890.00",2,9/18/2025
DON014857 ,DONOR,"4,410.00",1,
DON014203 ,DONOR,"10,170.00",2,5/20/2026
DON013366 ,DONOR,"14,610.00",4,
DON015092 ,DONOR,120,1,
DON013005 ,DONOR,"65,840.00",12,8/9/2025
DON014878 ,DONOR,"7,350.00",1,5/27/2026
DON013601 ,DONOR,"3,690.00",1,12/3/2025
DON012569 ,DONOR,"16,030.00",4,
DON013055 ,DONOR,"4,060.00",2,6/19/2025
DON013398 ,DONOR,"24,940.00",4,
DON013463 ,DONOR,"17,230.00",3,9/18/2025
DON013097 ,DONOR,"193,880.00",38,
DON012730 ,DONOR,"87,440.00",15,3/18/2026
DON014276 ,DONOR,"6,480.00",2,2/18/2026
DON012744 ,DONOR,"4,480.00",2,
DON014830 ,DONOR,"15,230.00",3,5/6/2026
DON013889 ,DONOR,"8,900.00",2,
DON014452 ,DONOR,"9,090.00",2,3/4/2026
DON013516 ,DONOR,"4,770.00",1,9/8/2025
DON013520 ,DONOR,"8,720.00",3,
DON013895 ,DONOR,"3,070.00",1,
DON015069 ,DONOR,"7,050.00",1,6/24/2026
DON013535 ,DONOR,"6,830.00",3,11/6/2025
DON014487 ,DONOR,"7,650.00",1,3/25/2026
DON013616 ,DONOR,"47,530.00",8,1/24/2026
DON009949 ,DONOR,"8,460.00",2,
DON013925 ,DONOR,"3,400.00",1,11/27/2025
DON010778 ,DONOR,60,1,10/21/2024
DON013120 ,DONOR,"19,870.00",4,
DON014175 ,DONOR,"6,690.00",2,12/31/2025
DON013948 ,DONOR,"4,660.00",1,11/21/2025
DON014049 ,DONOR,"18,320.00",3,3/11/2026
DON013441 ,DONOR,"3,390.00",1,10/15/2025
DON012798 ,DONOR,"3,030.00",2,
DON014799 ,DONOR,"8,360.00",2,6/24/2026
DON014616 ,DONOR,"21,120.00",4,4/15/2026
DON012190 ,DONOR,"7,530.00",2,2/16/2025
DON013026 ,DONOR,"2,790.00",2,7/19/2025
DON012533 ,DONOR,"7,180.00",3,
DON015008 ,DONOR,"15,850.00",3,7/22/2026
DON012116 ,DONOR,"6,770.00",1,3/29/2025
DON015031 ,DONOR,"5,580.00",1,7/15/2026
DON013597 ,DONOR,"76,020.00",15,3/11/2026
DON012875 ,DONOR,"16,110.00",4,
DON013673 ,DONOR,"19,740.00",4,1/14/2026
DON012839 ,DONOR,"94,270.00",18,10/15/2025
DON012421 ,DONOR,"18,200.00",3,3/29/2025
DON012529 ,DONOR,"6,860.00",2,2/28/2025
DON013671 ,DONOR,"99,400.00",18,6/3/2026
DON013456 ,DONOR,"5,510.00",1,11/5/2025
DON012973 ,DONOR,"11,670.00",3,7/4/2025
DON013460 ,DONOR,"3,380.00",2,9/1/2025
DON015098 ,DONOR,"5,970.00",1,7/22/2026
DON014307 ,DONOR,"7,990.00",2,3/11/2026
DON013071 ,DONOR,"58,000.00",10,2/25/2026
DON012637 ,DONOR,"9,220.00",5,3/10/2025
DON014695 ,DONOR,"76,440.00",15,7/15/2026
DON011962 ,DONOR,"5,290.00",1,
DON012986 ,DONOR,"28,000.00",9,11/3/2025
DON013173 ,DONOR,"9,790.00",2,7/4/2025
DON014659 ,DONOR,"17,930.00",3,7/29/2026
DON012325 ,DONOR,"4,410.00",1,4/28/2025
DON015244 ,DONOR,"3,510.00",1,7/29/2026
DON014184 ,DONOR,"14,250.00",3,
DON015034 ,DONOR,"12,160.00",3,6/24/2026
DON015062 ,DONOR,"8,420.00",2,7/1/2026
DON013279 ,DONOR,"39,440.00",7,
DON012625 ,DONOR,"58,630.00",11,8/13/2025
DON012674 ,DONOR,"52,520.00",10,5/10/2025
DON013834 ,DONOR,"119,280.00",24,4/29/2026
DON013025 ,DONOR,"9,350.00",3,
DON014298 ,DONOR,"10,900.00",2,
DON012877 ,DONOR,"18,160.00",6,5/17/2025
DON013515 ,DONOR,"7,600.00",2,
DON014504 ,DONOR,"11,560.00",2,3/4/2026
DON014260 ,DONOR,"3,030.00",1,2/4/2026
DON013202 ,DONOR,"10,510.00",3,
DON012698 ,DONOR,"5,870.00",2,3/30/2025
DON013122 ,DONOR,"3,070.00",2,6/24/2025
DON013659 ,DONOR,"20,860.00",5,"2025-10-15, 2025-10-15"
DON011977 ,DONOR,"51,950.00",8,
DON015099 ,DONOR,"17,610.00",3,7/22/2026
DON012970 ,DONOR,"7,780.00",2,
DON011229 ,DONOR,"2,300.00",2,
DON014337 ,DONOR,"3,110.00",1,2/4/2026
DON011384 ,DONOR,"15,690.00",2,
DON013559 ,DONOR,"3,840.00",1,9/16/2025
DON013413 ,DONOR,"3,250.00",1,
DON013082 ,DONOR,"16,970.00",4,8/20/2025
DON014036 ,DONOR,"13,990.00",2,7/1/2026
DON014403 ,DONOR,"20,530.00",4,3/18/2026
DON014726 ,DONOR,"162,730.00",26,7/29/2026
DON014435 ,DONOR,"46,510.00",10,6/24/2026
DON013958 ,DONOR,"12,880.00",2,3/11/2026
DON014021 ,DONOR,"3,770.00",1,
DON012025 ,DONOR,"5,020.00",1,
DON013251 ,DONOR,"8,130.00",2,
DON013975 ,DONOR,"3,400.00",1,11/12/2025
DON013387 ,DONOR,"6,340.00",1,10/8/2025
DON014080 ,DONOR,"3,240.00",1,
DON013095 ,DONOR,"41,600.00",9,4/29/2026
DON014948 ,DONOR,"5,450.00",1,6/3/2026
DON012926 ,DONOR,"20,870.00",6,7/20/2025
DON013667 ,DONOR,"3,380.00",1,
DON011820 ,DONOR,"3,050.00",1,
DON013969 ,DONOR,"67,620.00",13,7/29/2026
DON015156 ,DONOR,"2,900.00",1,7/15/2026
DON014683 ,DONOR,"2,980.00",1,4/22/2026
DON012974 ,DONOR,"24,000.00",5,5/31/2025
DON013447 ,DONOR,"7,040.00",1,9/17/2025
DON013523 ,DONOR,"35,960.00",6,3/18/2026
DON012049 ,DONOR,"3,530.00",2,1/25/2025
DON013962 ,DONOR,"50,280.00",12,7/1/2026
DON014248 ,DONOR,"4,760.00",1,7/1/2026
DON013160 ,DONOR,"9,250.00",3,7/15/2025
DON011187 ,DONOR,"1,920.00",1,
DON014739 ,DONOR,"22,320.00",4,
DON015146 ,DONOR,"7,330.00",2,7/15/2026
DON013319 ,DONOR,"8,830.00",2,8/6/2025
DON013235 ,DONOR,"6,060.00",1,7/14/2025
DON011975 ,DONOR,"82,740.00",13,9/16/2025
DON014582 ,DONOR,"3,190.00",1,8/26/2026
DON013411 ,DONOR,"24,950.00",6,11/5/2025
DON014779 ,DONOR,"24,570.00",5,6/24/2026
DON013806 ,DONOR,"13,690.00",3,
DON012818 ,DONOR,"3,180.00",2,4/14/2025
DON014072 ,DONOR,"5,760.00",1,4/22/2026
DON015007 ,DONOR,"6,750.00",1,7/1/2026
DON013748 ,DONOR,"21,520.00",6,3/11/2026
DON013390 ,DONOR,"8,090.00",2,
DON013260 ,DONOR,"4,160.00",2,7/8/2025
DON012537 ,DONOR,"10,030.00",2,5/26/2025
DON012000 ,DONOR,"1,510.00",1,
DON013180 ,DONOR,"25,380.00",6,5/20/2026
DON014515 ,DONOR,"5,650.00",1,7/22/2026
DON012724 ,DONOR,"3,730.00",2,3/31/2025
DON012544 ,DONOR,"20,790.00",5,
DON014745 ,DONOR,"4,370.00",1,5/6/2026
DON013255 ,DONOR,"38,180.00",6,
DON014350 ,DONOR,"14,680.00",2,3/25/2026
DON014488 ,DONOR,"8,730.00",2,7/22/2026
DON014806 ,DONOR,"11,050.00",2,6/24/2026
DON014161 ,DONOR,"61,140.00",12,7/15/2026
DON014928 ,DONOR,"3,130.00",1,7/15/2026
DON014706 ,DONOR,"27,010.00",5,7/15/2026
DON013905 ,DONOR,"1,530.00",1,5/6/2026
DON012259 ,DONOR,"35,790.00",6,10/29/2025
DON013791 ,DONOR,"3,690.00",1,11/5/2025
DON014718 ,DONOR,"30,460.00",6,7/29/2026
DON013985 ,DONOR,"3,190.00",1,
DON012615 ,DONOR,"37,470.00",8,
DON015159 ,DONOR,"1,110.00",1,8/5/2026
DON014004 ,DONOR,"6,940.00",1,12/3/2025
DON013571 ,DONOR,"10,940.00",3,10/22/2025
DON014688 ,DONOR,"3,210.00",1,5/20/2026
DON014890 ,DONOR,"12,720.00",2,7/22/2026
DON013450 ,DONOR,"6,630.00",2,8/13/2025
DON014484 ,DONOR,"4,840.00",1,
DON014533 ,DONOR,"15,030.00",3,7/8/2026
DON013865 ,DONOR,"85,650.00",13,4/29/2026
DON012821 ,DONOR,"26,460.00",6,
DON013466 ,DONOR,"26,310.00",6,5/13/2026
DON012520 ,DONOR,"9,460.00",3,5/24/2025
DON012889 ,DONOR,"58,220.00",12,2/18/2026
DON011754 ,DONOR,"10,980.00",3,
DON013838 ,DONOR,"26,510.00",6,2/18/2026
DON014173 ,DONOR,"22,640.00",5,3/11/2026
DON014181 ,DONOR,"8,200.00",2,6/17/2026
DON013945 ,DONOR,"3,160.00",1,
DON012977 ,DONOR,"19,350.00",4,7/24/2025
DON013575 ,DONOR,"11,340.00",2,9/14/2025
DON014265 ,DONOR,"3,100.00",1,3/4/2026
DON012997 ,DONOR,"38,940.00",7,
DON014526 ,DONOR,"3,330.00",1,3/18/2026
DON012593 ,DONOR,"29,590.00",6,7/5/2025
DON012578 ,DONOR,"120,620.00",23,3/18/2026
DON014330 ,DONOR,"21,320.00",5,4/15/2026
DON013226 ,DONOR,"11,430.00",4,"2025-11-12, 2025-11-12"
DON012596 ,DONOR,"4,170.00",2,3/22/2025
DON014482 ,DONOR,"12,370.00",3,3/11/2026
DON012026 ,DONOR,"4,730.00",3,11/19/2025
DON013205 ,DONOR,"9,430.00",3,7/7/2025
DON013168 ,DONOR,"6,280.00",3,8/3/2025
DON012716 ,DONOR,"4,950.00",2,5/3/2025
DON012611 ,DONOR,"3,610.00",2,3/23/2025
DON012768 ,DONOR,"43,110.00",7,6/30/2025
DON014478 ,DONOR,"3,210.00",1,2/11/2026
DON014757 ,DONOR,"8,560.00",2,5/20/2026
DON012834 ,DONOR,"4,490.00",3,
DON013267 ,DONOR,"4,080.00",1,
DON014459 ,DONOR,"42,670.00",7,6/3/2026
DON012799 ,DONOR,"115,670.00",21,
DON014630 ,DONOR,"17,080.00",3,7/29/2026
DON012527 ,DONOR,"54,180.00",11,7/21/2025
DON013339 ,DONOR,"10,310.00",3,7/21/2025
DON014700 ,DONOR,"14,210.00",3,5/6/2026
DON014338 ,DONOR,"23,270.00",5,5/6/2026
DON011521 ,DONOR,"4,600.00",2,
DON014698 ,DONOR,"2,220.00",1,4/29/2026
DON013400 ,DONOR,"10,240.00",2,10/15/2025
DON012806 ,DONOR,"7,980.00",3,5/10/2025
DON014574 ,DONOR,"10,440.00",2,
DON013098 ,DONOR,"38,240.00",8,9/15/2025
DON013129 ,DONOR,"10,220.00",3,7/14/2025
DON012461 ,DONOR,190,2,
DON014784 ,DONOR,"13,490.00",2,7/1/2026
DON014998 ,DONOR,"3,600.00",1,
DON014068 ,DONOR,"4,670.00",1,
DON013462 ,DONOR,"3,970.00",1,
DON012855 ,DONOR,"8,280.00",3,7/13/2025
DON015269 ,DONOR,"2,240.00",1,
DON014033 ,DONOR,"8,340.00",2,
DON013753 ,DONOR,"3,430.00",1,11/10/2025
DON013940 ,DONOR,"11,980.00",3,1/14/2026
DON012253 ,DONOR,"1,690.00",1,2/13/2025
DON013056 ,DONOR,"4,030.00",2,6/24/2025
DON015024 ,DONOR,"3,430.00",1,7/8/2026
DON014584 ,DONOR,"3,050.00",1,3/18/2026
DON014421 ,DONOR,"5,530.00",1,4/22/2026
DON011566 ,DONOR,"2,180.00",1,
DON013564 ,DONOR,"3,670.00",1,9/7/2025
DON013183 ,DONOR,"5,240.00",2,7/28/2025
DON014274 ,DONOR,"3,620.00",1,
DON011880 ,DONOR,"14,780.00",3,
DON014169 ,DONOR,"31,040.00",6,2/4/2026
DON012642 ,DONOR,"5,120.00",2,
DON013388 ,DONOR,"55,180.00",10,10/22/2025
DON014696 ,DONOR,"1,570.00",1,5/27/2026
DON013000 ,DONOR,"23,800.00",5,
DON012616 ,DONOR,"41,830.00",9,
DON012619 ,DONOR,"8,000.00",2,8/7/2025
DON013560 ,DONOR,"80,300.00",13,1/14/2026
DON014489 ,DONOR,"41,740.00",7,6/24/2026
DON013254 ,DONOR,"12,920.00",4,8/13/2025
DON012324 ,DONOR,"17,480.00",3,
DON014841 ,DONOR,"3,450.00",1,7/22/2026
DON011314 ,DONOR,"15,620.00",4,1/28/2026
DON013845 ,DONOR,"4,220.00",1,11/5/2025
DON014771 ,DONOR,"7,860.00",2,
DON014800 ,DONOR,"3,870.00",1,5/13/2026
DON014613 ,DONOR,"3,270.00",1,4/8/2026
DON012845 ,DONOR,"10,220.00",3,7/11/2025
DON014230 ,DONOR,"5,630.00",1,
DON011117 ,DONOR,"89,630.00",15,
DON011971 ,DONOR,"52,440.00",10,3/11/2026
DON013008 ,DONOR,"84,430.00",16,10/22/2025
DON014738 ,DONOR,"6,620.00",2,6/24/2026
DON012481 ,DONOR,"15,070.00",4,8/13/2025
DON012087 ,DONOR,"5,690.00",1,2/12/2025
DON013879 ,DONOR,"12,540.00",3,5/27/2026
DON012747 ,DONOR,"24,250.00",5,
DON012497 ,DONOR,"5,070.00",2,2/12/2025
DON013125 ,DONOR,"102,290.00",20,5/27/2026
DON013306 ,DONOR,"10,380.00",2,8/19/2025
DON013423 ,DONOR,"10,740.00",2,2/11/2026
DON014240 ,DONOR,"8,580.00",2,4/1/2026
DON014678 ,DONOR,"17,150.00",3,6/10/2026
DON012738 ,DONOR,"6,330.00",2,4/24/2025
DON013034 ,DONOR,"25,610.00",5,6/2/2025
DON013998 ,DONOR,"34,390.00",6,6/3/2026
DON014760 ,DONOR,"16,440.00",3,6/3/2026
DON014552 ,DONOR,"15,060.00",6,6/3/2026
DON013769 ,DONOR,"35,550.00",7,1/21/2026
DON011827 ,DONOR,"1,470.00",1,
DON014318 ,DONOR,"12,230.00",3,7/15/2026
DON014110 ,DONOR,"23,910.00",4,2/18/2026
DON013291 ,DONOR,"72,100.00",16,9/28/2025
DON013805 ,DONOR,"11,500.00",2,
DON013386 ,DONOR,"9,160.00",2,1/21/2026
DON012224 ,DONOR,"8,910.00",2,5/9/2025
DON013154 ,DONOR,"17,880.00",5,10/15/2025
DON014249 ,DONOR,"17,020.00",3,3/25/2026
DON012534 ,DONOR,"21,160.00",6,9/1/2025
DON012917 ,DONOR,"25,660.00",7,7/18/2025
DON012470 ,DONOR,"29,100.00",7,6/10/2025
DON013113 ,DONOR,"81,460.00",13,9/1/2025
DON012793 ,DONOR,"13,170.00",3,
DON012800 ,DONOR,"20,950.00",4,4/12/2025
DON014931 ,DONOR,"3,490.00",1,6/24/2026
DON012464 ,DONOR,"6,130.00",2,2/19/2025
DON014037 ,DONOR,"4,980.00",1,12/3/2025
DON013265 ,DONOR,"13,160.00",3,9/3/2025
DON011949 ,DONOR,"8,770.00",2,3/2/2025
DON014794 ,DONOR,"3,020.00",1,7/15/2026
DON012218 ,DONOR,"1,840.00",1,7/20/2025
DON014074 ,DONOR,"10,180.00",2,4/22/2026
DON012722 ,DONOR,"6,160.00",2,4/3/2025
DON011233 ,DONOR,"13,540.00",3,
DON013393 ,DONOR,"8,030.00",4,5/20/2026
DON013210 ,DONOR,"7,240.00",2,7/28/2025
DON012982 ,DONOR,"8,640.00",3,
DON014790 ,DONOR,"3,110.00",1,5/6/2026
DON011176 ,DONOR,"9,670.00",2,3/28/2025
DON013851 ,DONOR,"21,880.00",4,4/1/2026
DON012128 ,DONOR,"9,440.00",2,7/13/2025
DON013539 ,DONOR,"19,330.00",4,11/19/2025
DON014733 ,DONOR,"22,860.00",4,7/15/2026
DON014151 ,DONOR,"4,670.00",1,2/4/2026
DON012323 ,DONOR,"23,680.00",4,7/1/2025
DON012607 ,DONOR,"3,300.00",2,3/23/2025
DON013778 ,DONOR,"95,470.00",16,10/22/2025
DON011718 ,DONOR,"1,390.00",1,3/7/2025
DON013131 ,DONOR,"14,140.00",4,7/13/2025
DON014499 ,DONOR,"13,300.00",3,5/27/2026
DON013823 ,DONOR,"23,810.00",4,
DON014408 ,DONOR,"3,350.00",1,3/4/2026
DON013336 ,DONOR,"9,340.00",2,9/1/2025
DON014007 ,DONOR,"6,990.00",2,
DON014345 ,DONOR,"15,970.00",3,3/4/2026
DON012680 ,DONOR,"19,180.00",5,
DON010186 ,DONOR,"5,310.00",1,10/29/2025
DON013170 ,DONOR,"5,920.00",3,
DON014179 ,DONOR,"58,140.00",9,6/17/2026
DON014200 ,DONOR,"8,140.00",2,
DON015080 ,DONOR,"4,800.00",1,7/8/2026
DON013152 ,DONOR,"40,710.00",8,8/8/2025
DON014472 ,DONOR,"37,550.00",7,7/15/2026
DON014354 ,DONOR,"12,390.00",2,4/8/2026
DON014981 ,DONOR,"16,170.00",3,5/27/2026
DON013662 ,DONOR,"21,420.00",5,
DON012661 ,DONOR,"6,240.00",2,3/14/2025
DON012567 ,DONOR,"10,750.00",5,10/29/2025
DON014089 ,DONOR,"4,190.00",1,12/31/2025
DON013599 ,DONOR,920,1,
DON014953 ,DONOR,"3,230.00",1,7/22/2026
DON012439 ,DONOR,"191,200.00",33,10/15/2025
DON011609 ,DONOR,"14,470.00",2,4/27/2025
DON012737 ,DONOR,"26,250.00",8,10/29/2025
DON014045 ,DONOR,"32,150.00",5,
DON012749 ,DONOR,"3,900.00",3,5/1/2025
DON013353 ,DONOR,"5,720.00",1,
DON013926 ,DONOR,"8,000.00",2,
DON014644 ,DONOR,"4,020.00",1,4/22/2026
DON012194 ,DONOR,"16,360.00",5,7/22/2025
DON013451 ,DONOR,"4,340.00",1,9/19/2025
DON015025 ,DONOR,"26,100.00",5,7/1/2026
DON012641 ,DONOR,"15,470.00",4,6/17/2025
DON011979 ,DONOR,"17,410.00",3,
DON013136 ,DONOR,"4,390.00",2,6/29/2025
DON014475 ,DONOR,"23,670.00",5,4/8/2026
DON012236 ,DONOR,"3,330.00",1,8/20/2025
DON013884 ,DONOR,"34,430.00",6,2/25/2026
DON014258 ,DONOR,"3,150.00",1,1/28/2026
DON013740 ,DONOR,"3,070.00",1,
DON012412 ,DONOR,"6,380.00",2,5/10/2025
DON015088 ,DONOR,"17,020.00",4,8/5/2026
DON012436 ,DONOR,"8,170.00",3,6/1/2025
DON013289 ,DONOR,"4,000.00",1,10/22/2025
DON014187 ,DONOR,"8,730.00",2,4/15/2026
DON014590 ,DONOR,"3,840.00",1,5/13/2026
DON011847 ,DONOR,"3,660.00",1,8/13/2025
DON012781 ,DONOR,"22,460.00",4,10/6/2025
DON013715 ,DONOR,"60,350.00",11,
DON014567 ,DONOR,"12,270.00",2,3/18/2026
DON012658 ,DONOR,"22,100.00",4,
DON014078 ,DONOR,"15,270.00",2,3/11/2026
DON013329 ,DONOR,"70,070.00",12,
DON012715 ,DONOR,"6,360.00",2,5/4/2025
DON013840 ,DONOR,"25,590.00",5,3/25/2026
DON014827 ,DONOR,"10,240.00",2,7/1/2026
DON014847 ,DONOR,"11,870.00",4,6/24/2026
DON013683 ,DONOR,"3,280.00",1,10/29/2025
DON014208 ,DONOR,"15,490.00",2,
DON014615 ,DONOR,"34,410.00",7,4/8/2026
DON012448 ,DONOR,"5,050.00",2,7/21/2025
DON013722 ,DONOR,"47,130.00",9,3/4/2026
DON014940 ,DONOR,"24,220.00",4,7/15/2026
DON012542 ,DONOR,"3,130.00",2,5/4/2025
DON013798 ,DONOR,"14,670.00",3,
DON014357 ,DONOR,"35,970.00",9,5/27/2026
DON014844 ,DONOR,"12,410.00",4,6/24/2026
DON012801 ,DONOR,"3,220.00",2,
DON012243 ,DONOR,"3,090.00",2,1/20/2025
DON013842 ,DONOR,"15,180.00",3,1/14/2026
DON014675 ,DONOR,"12,020.00",3,5/27/2026
DON012321 ,DONOR,"65,630.00",9,
DON012788 ,DONOR,"4,860.00",2,6/1/2025
DON012122 ,DONOR,"11,260.00",2,7/29/2025
DON014983 ,DONOR,"9,450.00",2,
DON015081 ,DONOR,"3,160.00",1,7/8/2026
DON013198 ,DONOR,"3,620.00",1,10/1/2025
DON014373 ,DONOR,"30,370.00",5,2/25/2026
DON013714 ,DONOR,"5,210.00",1,11/27/2025
DON014159 ,DONOR,"52,590.00",8,3/11/2026
DON012689 ,DONOR,"8,940.00",3,
DON012078 ,DONOR,"10,060.00",3,
DON012620 ,DONOR,"7,240.00",4,10/15/2025
DON014623 ,DONOR,"2,130.00",1,5/6/2026
DON013608 ,DONOR,"20,220.00",6,
DON014573 ,DONOR,"32,580.00",5,4/1/2026
DON013149 ,DONOR,"177,710.00",35,
DON014770 ,DONOR,"24,520.00",4,5/20/2026
DON013631 ,DONOR,"6,210.00",2,
DON012655 ,DONOR,"52,820.00",11,5/8/2025
DON012331 ,DONOR,"12,780.00",2,
DON014553 ,DONOR,"4,240.00",1,5/13/2026
DON013877 ,DONOR,"23,780.00",4,
DON012635 ,DONOR,"54,150.00",9,9/1/2025
DON013873 ,DONOR,"5,500.00",2,11/26/2025
DON013595 ,DONOR,"3,480.00",1,
DON014918 ,DONOR,"1,320.00",1,
DON014207 ,DONOR,"3,780.00",1,
DON012838 ,DONOR,"12,380.00",4,9/21/2025
DON013501 ,DONOR,"17,150.00",4,4/8/2026
DON014732 ,DONOR,"39,880.00",7,5/20/2026
DON014062 ,DONOR,"12,020.00",4,
DON015049 ,DONOR,"15,610.00",3,7/15/2026
DON013923 ,DONOR,"49,400.00",9,
DON012332 ,DONOR,"6,480.00",3,
DON013760 ,DONOR,"122,270.00",21,2/4/2026
DON012093 ,DONOR,"18,130.00",3,
DON013373 ,DONOR,"16,560.00",3,8/28/2025
DON014544 ,DONOR,"10,990.00",3,
DON012360 ,DONOR,"1,900.00",1,5/26/2025
DON013774 ,DONOR,"30,910.00",5,3/18/2026
DON014295 ,DONOR,"4,650.00",2,3/25/2026
DON012746 ,DONOR,"23,510.00",4,7/13/2025
DON012585 ,DONOR,"51,870.00",9,7/14/2025
DON015073 ,DONOR,"6,610.00",1,6/24/2026
DON012864 ,DONOR,"101,760.00",16,
DON013127 ,DONOR,"5,170.00",2,4/1/2026
DON012895 ,DONOR,"9,720.00",3,5/31/2025
DON013855 ,DONOR,"8,460.00",2,11/19/2025
DON011146 ,DONOR,"9,000.00",1,2/3/2025
DON013216 ,DONOR,"46,660.00",1,7/30/2025
DON013162 ,DONOR,"138,330.00",28,
DON011164 ,DONOR,"15,000.00",2,
DON011422 ,DONOR,"5,620.00",1,
DON014414 ,DONOR,"39,010.00",8,4/1/2026
DON014871 ,DONOR,"14,871.00",1,5/13/2026
DON014951 ,DONOR,"3,260.00",1,6/3/2026
DON013104 ,DONOR,"31,330.00",6,
DON013703 ,DONOR,"11,610.00",3,3/25/2026
DON013223 ,DONOR,"225,340.00",39,3/18/2026
DON013029 ,DONOR,"56,630.00",10,7/20/2025
DON011993 ,DONOR,"3,510.00",1,8/16/2025
DON011966 ,DONOR,"73,040.00",12,
DON014358 ,DONOR,"9,260.00",2,3/4/2026
DON014088 ,DONOR,"111,060.00",17,6/3/2026
DON014821 ,DONOR,"24,500.00",4,4/29/2026
DON013785 ,DONOR,"36,000.00",6,10/22/2025
DON014966 ,DONOR,"3,790.00",1,7/1/2026
DON011908 ,DONOR,"9,290.00",2,5/28/2025
DON012017 ,DONOR,"104,270.00",17,
DON014267 ,DONOR,"5,230.00",1,2/18/2026
DON014711 ,DONOR,"3,240.00",1,6/3/2026
DON014325 ,DONOR,"19,130.00",3,1/28/2026
DON014142 ,DONOR,"112,600.00",18,3/4/2026
DON012671 ,DONOR,"6,530.00",2,4/11/2025
DON012994 ,DONOR,"3,280.00",1,
DON013004 ,DONOR,"3,390.00",1,9/25/2025
DON014550 ,DONOR,"4,200.00",1,3/25/2026
DON014535 ,DONOR,"3,460.00",1,4/1/2026
DON013471 ,DONOR,"6,670.00",1,11/19/2025
DON014813 ,DONOR,"3,320.00",1,4/29/2026
DON013892 ,DONOR,"3,080.00",1,11/17/2025
DON015131 ,DONOR,"15,580.00",3,7/15/2026
DON013614 ,DONOR,"18,560.00",4,11/19/2025
DON013696 ,DONOR,"13,560.00",4,1/28/2026
DON014101 ,DONOR,"20,970.00",5,6/3/2026
DON011441 ,DONOR,"2,990.00",1,
DON013924 ,DONOR,"125,020.00",21,4/15/2026
DON014609 ,DONOR,"3,660.00",1,5/13/2026
DON014266 ,DONOR,"19,840.00",4,1/28/2026
DON013457 ,DONOR,"5,580.00",2,
DON013017 ,DONOR,"14,470.00",9,
DON014984 ,DONOR,"2,730.00",1,6/10/2026
DON014157 ,DONOR,"45,560.00",9,7/15/2026
DON012539 ,DONOR,"3,420.00",2,5/14/2025
DON014245 ,DONOR,"3,350.00",1,
DON011933 ,DONOR,"80,960.00",14,
DON014776 ,DONOR,"19,780.00",3,4/29/2026
DON013949 ,DONOR,"7,530.00",1,1/21/2026
DON013804 ,DONOR,"8,140.00",2,11/29/2025
DON014418 ,DONOR,"34,880.00",7,5/27/2026
DON013419 ,DONOR,"4,230.00",1,9/15/2025
DON013492 ,DONOR,"31,150.00",6,
DON014828 ,DONOR,"8,910.00",2,6/10/2026
DON012508 ,DONOR,"6,420.00",2,5/13/2025
DON015011 ,DONOR,"8,420.00",2,7/22/2026
DON014093 ,DONOR,"42,180.00",8,3/25/2026
DON014453 ,DONOR,"8,720.00",2,3/4/2026
DON014768 ,DONOR,"3,590.00",1,
DON014221 ,DONOR,"20,380.00",4,4/1/2026
DON013234 ,DONOR,"22,810.00",7,
DON014167 ,DONOR,"10,180.00",2,
DON013580 ,DONOR,"35,030.00",6,10/4/2025
DON014521 ,DONOR,"3,990.00",1,3/11/2026
DON013007 ,DONOR,"7,900.00",2,
DON013936 ,DONOR,"1,350.00",1,
DON012679 ,DONOR,"9,700.00",4,6/2/2025
DON011627 ,DONOR,"3,830.00",1,7/15/2025
DON013207 ,DONOR,"3,220.00",1,9/1/2025
DON013171 ,DONOR,"5,440.00",1,8/18/2025
DON013680 ,DONOR,"30,460.00",8,6/10/2026
DON014292 ,DONOR,"11,850.00",3,5/27/2026
DON013955 ,DONOR,"3,650.00",2,
DON013533 ,DONOR,"5,830.00",1,11/12/2025
DON014974 ,DONOR,"22,760.00",3,7/1/2026
DON012782 ,DONOR,"43,340.00",12,4/15/2026
DON014914 ,DONOR,"14,020.00",4,7/15/2026
DON012106 ,DONOR,"12,580.00",2,6/10/2025
DON014663 ,DONOR,"10,690.00",2,
DON014149 ,DONOR,"25,780.00",5,3/25/2026
DON014314 ,DONOR,"20,980.00",3,5/13/2026
DON011867 ,DONOR,"9,390.00",2,5/30/2025
DON012812 ,DONOR,"25,200.00",6,
DON014631 ,DONOR,"3,290.00",1,7/29/2026
DON013802 ,DONOR,"19,320.00",3,11/21/2025
DON014311 ,DONOR,"3,470.00",1,3/4/2026
DON013432 ,DONOR,"3,070.00",1,
DON014376 ,DONOR,"5,970.00",2,3/11/2026
DON012740 ,DONOR,"3,900.00",2,
DON014555 ,DONOR,"6,280.00",1,4/15/2026
DON011324 ,DONOR,"5,100.00",1,5/4/2025
DON013934 ,DONOR,"9,360.00",4,
DON012656 ,DONOR,"4,890.00",3,
DON013068 ,DONOR,"38,210.00",8,5/6/2026
DON014389 ,DONOR,"26,460.00",5,6/3/2026
DON014353 ,DONOR,"4,810.00",2,"2026-08-05, 2026-07-01"
DON014211 ,DONOR,"47,251.00",9,5/6/2026
DON012741 ,DONOR,"6,980.00",3,5/21/2025
DON012728 ,DONOR,"5,940.00",3,4/4/2025
DON014804 ,DONOR,"44,030.00",7,5/27/2026
DON013482 ,DONOR,"16,660.00",3,12/3/2025
DON014861 ,DONOR,"250,640.00",38,6/17/2026
DON012769 ,DONOR,"14,920.00",5,
DON012546 ,DONOR,"37,770.00",8,4/20/2025
DON011619 ,DONOR,"11,900.00",4,5/25/2025
DON011924 ,DONOR,"66,820.00",10,6/14/2025
DON013145 ,DONOR,"3,800.00",2,7/3/2025
DON011699 ,DONOR,"30,760.00",7,
DON012441 ,DONOR,"27,120.00",6,
DON014505 ,DONOR,"24,030.00",4,3/4/2026
DON013644 ,DONOR,"23,110.00",6,10/22/2025
DON013146 ,DONOR,"13,790.00",5,9/24/2025
DON013939 ,DONOR,"5,700.00",1,
DON012104 ,DONOR,"12,350.00",3,
DON014781 ,DONOR,"70,240.00",11,6/10/2026
DON015017 ,DONOR,"3,540.00",1,
DON013742 ,DONOR,"15,620.00",4,10/22/2025
DON015096 ,DONOR,"6,120.00",1,7/29/2026
DON014210 ,DONOR,"78,430.00",14,3/25/2026
DON012388 ,DONOR,"6,120.00",2,3/24/2025
DON014271 ,DONOR,"4,470.00",1,3/11/2026
DON013610 ,DONOR,"184,700.00",31,3/4/2026
DON012681 ,DONOR,"3,150.00",2,5/11/2025
DON011985 ,DONOR,"24,680.00",4,10/15/2025
DON013283 ,DONOR,"25,270.00",7,12/31/2025
DON013486 ,DONOR,"12,510.00",3,
DON014653 ,DONOR,"3,210.00",1,4/8/2026
DON014117 ,DONOR,"12,120.00",4,5/20/2026
DON013773 ,DONOR,"3,070.00",1,11/12/2025
DON014595 ,DONOR,"26,420.00",5,7/22/2026
DON014670 ,DONOR,"3,130.00",1,4/22/2026
DON014081 ,DONOR,"9,890.00",2,
DON013832 ,DONOR,"2,920.00",1,
DON014281 ,DONOR,"8,920.00",2,
DON012745 ,DONOR,"18,500.00",5,4/14/2025
DON012814 ,DONOR,"92,150.00",17,
DON012910 ,DONOR,"9,010.00",3,
DON014606 ,DONOR,"3,090.00",1,4/15/2026
DON014410 ,DONOR,"1,880.00",1,4/1/2026
DON014589 ,DONOR,"84,510.00",15,7/15/2026
DON013927 ,DONOR,"5,430.00",1,11/19/2025
DON014572 ,DONOR,"33,490.00",6,7/1/2026
DON012587 ,DONOR,"15,520.00",3,3/16/2025
DON013632 ,DONOR,"84,250.00",16,3/25/2026
DON012174 ,DONOR,"164,430.00",27,
DON011518 ,DONOR,"20,310.00",4,
DON012003 ,DONOR,"3,550.00",1,2/19/2025
DON012550 ,DONOR,"3,230.00",2,3/1/2025
DON014461 ,DONOR,"65,500.00",12,7/29/2026
DON012829 ,DONOR,"4,700.00",2,4/26/2025
DON014454 ,DONOR,"27,510.00",5,5/6/2026
DON014425 ,DONOR,"26,180.00",6,5/27/2026
DON013841 ,DONOR,"3,970.00",1,
DON012883 ,DONOR,"9,210.00",2,10/29/2025
DON013871 ,DONOR,"38,920.00",7,
DON014351 ,DONOR,"12,950.00",4,4/1/2026
DON012359 ,DONOR,"6,850.00",2,3/27/2025
DON012857 ,DONOR,"14,300.00",3,6/2/2025
DON014715 ,DONOR,"13,820.00",2,6/3/2026
DON014246 ,DONOR,"11,030.00",4,7/15/2026
DON014168 ,DONOR,"41,020.00",7,
DON012267 ,DONOR,"4,890.00",1,2/12/2025
DON012959 ,DONOR,"250,580.00",40,
DON013153 ,DONOR,"143,470.00",30,
DON014124 ,DONOR,"6,300.00",1,
DON012378 ,DONOR,"10,120.00",4,
DON013312 ,DONOR,"203,440.00",36,6/10/2026
DON015040 ,DONOR,"3,790.00",1,6/24/2026
DON012892 ,DONOR,"6,410.00",4,6/3/2025
DON014593 ,DONOR,"7,760.00",2,
DON012787 ,DONOR,"4,740.00",2,6/9/2025
DON013686 ,DONOR,"4,500.00",1,10/2/2025
DON012697 ,DONOR,"3,100.00",2,3/24/2025
DON015085 ,DONOR,"6,670.00",1,7/1/2026
DON013942 ,DONOR,"11,590.00",3,11/26/2025
DON014814 ,DONOR,"62,480.00",10,7/15/2026
DON014833 ,DONOR,"5,840.00",1,5/27/2026
DON013612 ,DONOR,"15,170.00",3,5/20/2026
DON014874 ,DONOR,"6,300.00",1,5/20/2026
DON012423 ,DONOR,"1,540.00",2,"2025-08-20, 2025-08-20"
DON013944 ,DONOR,"8,210.00",2,
DON014513 ,DONOR,"28,100.00",6,8/5/2026
DON013461 ,DONOR,"10,170.00",2,3/4/2026
DON014896 ,DONOR,"43,320.00",7,6/24/2026
DON012700 ,DONOR,"40,430.00",10,9/5/2025
DON013436 ,DONOR,"39,500.00",8,1/21/2026
DON013214 ,DONOR,"28,840.00",7,
DON011939 ,DONOR,"2,610.00",1,3/2/2025
DON013864 ,DONOR,"52,730.00",9,4/29/2026
DON013561 ,DONOR,"3,840.00",1,
DON012989 ,DONOR,"11,300.00",2,2/18/2026
DON013315 ,DONOR,"5,110.00",1,9/24/2025
DON013794 ,DONOR,"7,570.00",1,11/19/2025
DON013229 ,DONOR,"4,160.00",2,7/8/2025
DON014166 ,DONOR,"12,090.00",3,7/29/2026
DON011522 ,DONOR,"38,410.00",8,
DON013868 ,DONOR,"2,360.00",1,11/4/2025
DON012904 ,DONOR,"6,140.00",2,5/19/2025
DON014624 ,DONOR,"13,620.00",3,5/20/2026
DON013635 ,DONOR,"4,730.00",3,9/7/2025
DON013583 ,DONOR,"3,150.00",1,11/12/2025
DON014512 ,DONOR,"3,170.00",1,3/11/2026
DON012866 ,DONOR,"39,150.00",7,6/8/2025
DON012990 ,DONOR,"3,760.00",1,9/22/2025
DON012148 ,DONOR,"6,220.00",3,
DON014679 ,DONOR,"23,200.00",4,
DON012588 ,DONOR,"24,430.00",5,7/5/2025
DON012657 ,DONOR,"9,540.00",2,
DON014991 ,DONOR,"10,880.00",2,6/17/2026
DON013119 ,DONOR,"25,060.00",3,9/22/2025
DON014689 ,DONOR,"5,030.00",1,4/29/2026
DON013357 ,DONOR,"6,640.00",2,7/27/2025
DON012150 ,DONOR,"56,940.00",9,
DON014710 ,DONOR,"4,860.00",1,5/6/2026
DON014635 ,DONOR,"41,940.00",9,6/17/2026
DON015030 ,DONOR,"3,400.00",1,7/15/2026
DON013820 ,DONOR,"3,240.00",1,7/22/2026
DON012232 ,DONOR,"2,470.00",1,
DON012920 ,DONOR,"34,470.00",7,10/29/2025
DON013930 ,DONOR,"10,400.00",2,
DON013961 ,DONOR,"31,240.00",5,3/4/2026
DON014439 ,DONOR,"4,880.00",1,4/1/2026
DON013550 ,DONOR,"2,180.00",1,
DON012760 ,DONOR,"12,510.00",5,
DON012195 ,DONOR,"2,840.00",1,7/29/2025
DON012579 ,DONOR,"11,280.00",1,9/9/2025
DON014823 ,DONOR,"3,480.00",1,
DON014217 ,DONOR,"9,520.00",2,7/15/2026
DON012617 ,DONOR,"6,550.00",2,3/16/2025
DON012725 ,DONOR,"97,460.00",22,
DON014139 ,DONOR,"3,000.00",1,
DON010546 ,DONOR,"3,600.00",1,
DON014756 ,DONOR,"3,200.00",1,5/27/2026
DON015162 ,DONOR,"21,600.00",4,7/15/2026
DON013807 ,DONOR,"38,420.00",6,
DON013657 ,DONOR,570,1,
DON013870 ,DONOR,"8,770.00",2,11/19/2025
DON013976 ,DONOR,"6,490.00",1,12/7/2025
DON012752 ,DONOR,"23,370.00",5,
DON012345 ,DONOR,"27,650.00",5,7/11/2025
DON013200 ,DONOR,"55,680.00",10,
DON014005 ,DONOR,"14,260.00",2,11/26/2025
DON011875 ,DONOR,"30,190.00",5,
DON014460 ,DONOR,"4,300.00",1,4/22/2026
DON013227 ,DONOR,"6,990.00",1,
DON011760 ,DONOR,"9,540.00",2,
DON012964 ,DONOR,"9,510.00",2,6/10/2026
DON012029 ,DONOR,"6,200.00",2,
DON011345 ,DONOR,"2,590.00",1,
DON014676 ,DONOR,"3,800.00",1,4/22/2026
DON012898 ,DONOR,"17,990.00",6,7/16/2025
DON014191 ,DONOR,"42,870.00",8,6/24/2026
DON014907 ,DONOR,"9,620.00",2,
DON011605 ,DONOR,"31,110.00",7,
DON012813 ,DONOR,"14,900.00",4,7/21/2025
DON014235 ,DONOR,"3,170.00",1,2/4/2026
DON013048 ,DONOR,"3,880.00",2,
DON014144 ,DONOR,"11,260.00",3,3/4/2026
DON013562 ,DONOR,"14,300.00",3,
DON014592 ,DONOR,"4,540.00",2,5/13/2026
DON013124 ,DONOR,"34,030.00",7,11/5/2025
DON014382 ,DONOR,"15,120.00",2,4/1/2026
DON012726 ,DONOR,"6,510.00",3,7/8/2025
DON013522 ,DONOR,"26,280.00",4,9/28/2025
DON013345 ,DONOR,"18,330.00",4,11/5/2025
DON012551 ,DONOR,"3,500.00",2,5/6/2025
DON013581 ,DONOR,"14,350.00",5,
DON013709 ,DONOR,"3,150.00",1,10/29/2025
DON011530 ,DONOR,"10,850.00",2,7/14/2025
DON012084 ,DONOR,"41,100.00",5,
DON013954 ,DONOR,"170,530.00",27,7/1/2026
DON012582 ,DONOR,"14,020.00",3,
DON013472 ,DONOR,"3,870.00",1,
DON012843 ,DONOR,"14,080.00",3,5/4/2025
DON012854 ,DONOR,"5,850.00",2,5/4/2025
DON012967 ,DONOR,"11,910.00",5,6/11/2025
DON014693 ,DONOR,"3,770.00",1,4/22/2026
DON013083 ,DONOR,"23,980.00",8,6/22/2025
DON014943 ,DONOR,"8,360.00",2,7/22/2026
DON014869 ,DONOR,"4,810.00",1,6/3/2026
DON013222 ,DONOR,"34,040.00",7,
DON011984 ,DONOR,"7,180.00",2,7/22/2025
DON014605 ,DONOR,"19,890.00",5,7/15/2026
DON013139 ,DONOR,"4,030.00",2,6/23/2025
DON014133 ,DONOR,"51,320.00",8,6/3/2026
DON014026 ,DONOR,"25,480.00",4,6/17/2026
DON012002 ,DONOR,"17,780.00",4,10/29/2024
DON012526 ,DONOR,"9,700.00",5,3/14/2025
DON013257 ,DONOR,"53,960.00",9,3/4/2026
DON014406 ,DONOR,"12,380.00",2,7/22/2026
DON012720 ,DONOR,"9,440.00",3,
DON012397 ,DONOR,"7,740.00",3,7/14/2025
DON012082 ,DONOR,"22,310.00",4,4/19/2025
DON014202 ,DONOR,"40,200.00",6,4/1/2026
DON013828 ,DONOR,"10,820.00",2,
DON014585 ,DONOR,"5,360.00",1,
DON014293 ,DONOR,"6,700.00",2,
DON014018 ,DONOR,"7,690.00",2,12/7/2025
DON014305 ,DONOR,"6,080.00",2,3/18/2026
DON013377 ,DONOR,"4,750.00",1,8/6/2025
DON013878 ,DONOR,"4,730.00",1,11/26/2025
DON012262 ,DONOR,"29,320.00",4,4/10/2025
DON013190 ,DONOR,"2,470.00",2,7/3/2025
DON014189 ,DONOR,"4,530.00",1,
DON011935 ,DONOR,"11,410.00",3,3/9/2025
DON013215 ,DONOR,"3,130.00",2,7/30/2025
DON012621 ,DONOR,"32,890.00",9,9/1/2025
DON013953 ,DONOR,"6,170.00",2,
DON013308 ,DONOR,"33,460.00",7,12/14/2025
DON013376 ,DONOR,"13,880.00",3,
DON013011 ,DONOR,"13,420.00",4,1/14/2026
DON013719 ,DONOR,"16,140.00",3,
DON013134 ,DONOR,"36,590.00",9,9/8/2025
DON011941 ,DONOR,"36,080.00",5,7/28/2025
DON011407 ,DONOR,"15,350.00",3,
DON014680 ,DONOR,"45,010.00",9,6/24/2026
DON013529 ,DONOR,"26,040.00",4,9/14/2025
DON014947 ,DONOR,"18,160.00",3,6/3/2026
DON014807 ,DONOR,"14,840.00",3,6/10/2026
DON014400 ,DONOR,"8,720.00",2,2/25/2026
DON012414 ,DONOR,"12,750.00",3,3/3/2025
DON013765 ,DONOR,"10,500.00",2,
DON012660 ,DONOR,"35,600.00",7,
DON014066 ,DONOR,"7,580.00",1,
DON013839 ,DONOR,"9,680.00",3,1/21/2026
DON013880 ,DONOR,"38,830.00",7,2/4/2026
DON014003 ,DONOR,"6,730.00",1,12/1/2025
DON014694 ,DONOR,"4,240.00",1,4/29/2026
DON013487 ,DONOR,"9,270.00",2,12/3/2025
DON012739 ,DONOR,"10,930.00",3,6/18/2025
DON015220 ,DONOR,"5,010.00",1,7/29/2026
DON013507 ,DONOR,"12,950.00",2,9/29/2025
DON011578 ,DONOR,"20,060.00",4,
DON014865 ,DONOR,"4,680.00",1,7/22/2026
DON012292 ,DONOR,"73,200.00",14,1/17/2025
DON014532 ,DONOR,"7,960.00",2,5/13/2026
DON014730 ,DONOR,"3,050.00",1,4/29/2026
DON015161 ,DONOR,"6,490.00",1,7/15/2026
DON013268 ,DONOR,"3,590.00",1,8/18/2025
DON013301 ,DONOR,"4,730.00",1,
DON012597 ,DONOR,"17,750.00",3,5/20/2025
DON013137 ,DONOR,"7,960.00",2,
DON013087 ,DONOR,"102,910.00",17,1/14/2026
DON014041 ,DONOR,"30,610.00",6,7/22/2026
DON012822 ,DONOR,"3,380.00",2,4/21/2025
DON012972 ,DONOR,"16,140.00",4,
DON014083 ,DONOR,"62,880.00",12,5/6/2026
DON012763 ,DONOR,"5,270.00",3,7/12/2025
DON013302 ,DONOR,800,1,
DON013684 ,DONOR,"11,000.00",2,
DON013593 ,DONOR,"30,540.00",7,10/9/2025
DON013933 ,DONOR,"4,340.00",1,
DON014451 ,DONOR,"3,100.00",1,2/25/2026
DON014765 ,DONOR,"7,700.00",2,5/27/2026
DON013943 ,DONOR,"2,470.00",1,12/31/2025
DON012514 ,DONOR,"21,950.00",6,3/13/2025
DON012358 ,DONOR,"45,990.00",10,
DON013941 ,DONOR,"10,580.00",4,4/29/2026
DON014511 ,DONOR,"22,800.00",2,3/4/2026
DON012668 ,DONOR,"23,270.00",4,
DON014383 ,DONOR,"13,740.00",3,3/18/2026
DON014803 ,DONOR,"4,180.00",1,7/15/2026
DON014380 ,DONOR,"10,540.00",3,
DON011991 ,DONOR,"6,050.00",1,
DON013187 ,DONOR,"3,560.00",1,10/29/2025
DON013609 ,DONOR,"4,690.00",1,9/24/2025
DON013066 ,DONOR,"5,590.00",2,6/24/2026
DON013043 ,DONOR,"84,140.00",15,9/2/2025
DON012251 ,DONOR,"11,780.00",2,3/6/2025
DON014591 ,DONOR,"29,570.00",6,7/8/2026
DON013496 ,DONOR,"3,050.00",1,9/19/2025
DON014570 ,DONOR,"32,210.00",6,4/22/2026
DON015038 ,DONOR,"22,710.00",5,6/17/2026
DON013067 ,DONOR,"6,950.00",3,
DON012024 ,DONOR,"15,490.00",3,8/13/2025
DON011759 ,DONOR,720,2,
DON014916 ,DONOR,"57,330.00",10,7/8/2026
DON014002 ,DONOR,"18,070.00",4,
DON014922 ,DONOR,"10,460.00",2,7/8/2026
DON013504 ,DONOR,"4,560.00",1,10/5/2025
DON015155 ,DONOR,"3,630.00",1,7/15/2026
DON012459 ,DONOR,"43,600.00",9,
DON011381 ,DONOR,"7,160.00",1,3/14/2025
DON013956 ,DONOR,"9,880.00",2,12/15/2025
DON014051 ,DONOR,"11,280.00",2,12/15/2025
DON013380 ,DONOR,"5,740.00",2,9/9/2025
DON013734 ,DONOR,"89,700.00",19,
DON013378 ,DONOR,"28,560.00",7,6/17/2026
DON014903 ,DONOR,"49,230.00",9,7/15/2026
DON013253 ,DONOR,"26,010.00",7,3/4/2026
DON012950 ,DONOR,"19,400.00",6,
DON012074 ,DONOR,"19,840.00",4,
DON011868 ,DONOR,"15,220.00",3,8/1/2025
DON015143 ,DONOR,"13,820.00",2,7/22/2026
DON012678 ,DONOR,"30,970.00",7,8/25/2025
DON013914 ,DONOR,"26,390.00",4,
DON013498 ,DONOR,"20,230.00",5,12/3/2025
DON012405 ,DONOR,"2,990.00",1,7/2/2025
DON014523 ,DONOR,"11,230.00",2,3/18/2026
DON013771 ,DONOR,"3,990.00",2,3/11/2026
DON014050 ,DONOR,"10,270.00",3,5/13/2026
DON014194 ,DONOR,"4,790.00",1,1/28/2026
DON014692 ,DONOR,"13,000.00",2,4/15/2026
DON013887 ,DONOR,"12,470.00",3,3/11/2026
DON014283 ,DONOR,"65,370.00",10,2/25/2026
DON013908 ,DONOR,"3,230.00",1,3/18/2026
DON012919 ,DONOR,"21,780.00",6,
DON012612 ,DONOR,"48,730.00",10,
DON013058 ,DONOR,"87,850.00",16,7/1/2026
DON015022 ,DONOR,"5,280.00",2,7/1/2026
DON013513 ,DONOR,"12,580.00",3,10/8/2025
DON014897 ,DONOR,"3,250.00",1,5/13/2026
DON012503 ,DONOR,"1,780.00",2,
DON014375 ,DONOR,"15,030.00",4,4/22/2026
DON012852 ,DONOR,"4,300.00",1,9/1/2025
DON014709 ,DONOR,"7,150.00",2,4/29/2026
DON013109 ,DONOR,"7,990.00",2,7/16/2025
DON014225 ,DONOR,"31,450.00",7,1/14/2026
DON014568 ,DONOR,"4,520.00",1,5/6/2026
DON014837 ,DONOR,"2,560.00",1,5/13/2026
DON014470 ,DONOR,"16,690.00",4,
DON012887 ,DONOR,"79,160.00",19,5/6/2026
DON013729 ,DONOR,"34,250.00",7,
DON013980 ,DONOR,"31,320.00",5,2/11/2026
DON014967 ,DONOR,"7,400.00",2,7/22/2026
DON013830 ,DONOR,"12,990.00",3,
DON014023 ,DONOR,"3,600.00",1,
DON013813 ,DONOR,"24,180.00",5,1/14/2026
DON012572 ,DONOR,"14,070.00",4,
DON012256 ,DONOR,"20,730.00",4,7/9/2025
DON013203 ,DONOR,"15,460.00",5,6/24/2026
DON012995 ,DONOR,"9,140.00",3,8/30/2025
DON014483 ,DONOR,"2,340.00",1,3/11/2026
DON013003 ,DONOR,"34,310.00",7,9/16/2025
DON014517 ,DONOR,"8,220.00",2,5/20/2026
DON013107 ,DONOR,"237,970.00",43,7/22/2026
DON013181 ,DONOR,"21,380.00",6,
DON012868 ,DONOR,"3,740.00",3,6/2/2025
DON015089 ,DONOR,"3,720.00",1,7/22/2026
DON013284 ,DONOR,"3,160.00",1,7/23/2025
DON013219 ,DONOR,"6,270.00",3,
DON014215 ,DONOR,"7,430.00",1,
DON012479 ,DONOR,"5,600.00",2,2/18/2025
DON014022 ,DONOR,"19,910.00",4,
DON012646 ,DONOR,"7,580.00",2,3/20/2025
DON015003 ,DONOR,"14,100.00",2,6/24/2026
DON014146 ,DONOR,"12,790.00",2,4/22/2026
DON012811 ,DONOR,350,1,
DON011697 ,DONOR,"4,540.00",1,2/8/2025
DON013099 ,DONOR,"3,500.00",2,6/10/2025
DON014667 ,DONOR,"3,130.00",1,4/15/2026
DON013968 ,DONOR,"54,360.00",10,
DON012773 ,DONOR,"3,070.00",2,
DON013384 ,DONOR,"4,080.00",1,
DON014243 ,DONOR,"4,780.00",1,2/25/2026
DON014686 ,DONOR,"3,170.00",1,5/13/2026
DON012947 ,DONOR,"132,670.00",23,
DON014312 ,DONOR,"7,800.00",1,3/11/2026
DON013510 ,DONOR,"45,290.00",6,9/15/2025
DON013763 ,DONOR,"5,630.00",1,11/12/2025
DON012252 ,DONOR,"13,840.00",3,
DON012484 ,DONOR,980,2,
DON014290 ,DONOR,"3,070.00",1,
DON012820 ,DONOR,"5,130.00",3,
DON013220 ,DONOR,"35,180.00",6,7/19/2025
DON013988 ,DONOR,"44,150.00",7,2/4/2026
DON012477 ,DONOR,"6,590.00",3,4/13/2025
DON014442 ,DONOR,"3,260.00",1,4/29/2026
DON011813 ,DONOR,"12,670.00",2,3/7/2025
DON015032 ,DONOR,"5,780.00",1,7/8/2026
DON012676 ,DONOR,"8,130.00",4,4/29/2026
DON014834 ,DONOR,"25,640.00",4,6/24/2026
DON014708 ,DONOR,"5,610.00",1,5/6/2026
DON014845 ,DONOR,"19,200.00",4,5/27/2026
DON014802 ,DONOR,"4,020.00",1,5/6/2026
DON014404 ,DONOR,"2,830.00",1,
DON014989 ,DONOR,"69,840.00",11,7/8/2026
DON014561 ,DONOR,"3,200.00",1,
DON014714 ,DONOR,"9,400.00",2,6/3/2026
DON011789 ,DONOR,"15,540.00",3,
DON011761 ,DONOR,"2,130.00",1,
DON013062 ,DONOR,"120,470.00",21,1/14/2026
DON012164 ,DONOR,"5,210.00",3,
DON013899 ,DONOR,"2,820.00",1,11/19/2025
DON014198 ,DONOR,"17,010.00",3,1/21/2026
DON014178 ,DONOR,"3,210.00",1,
DON013073 ,DONOR,"6,020.00",2,6/25/2025
DON013464 ,DONOR,"3,870.00",1,9/29/2025
DON013354 ,DONOR,"3,700.00",1,8/17/2025
DON014056 ,DONOR,"5,090.00",2,2/25/2026
DON014498 ,DONOR,"27,120.00",4,3/4/2026
DON012532 ,DONOR,"3,460.00",2,3/20/2025
DON013825 ,DONOR,"6,490.00",2,
DON012463 ,DONOR,"15,620.00",3,5/10/2025
DON015013 ,DONOR,"23,370.00",4,7/22/2026
DON014729 ,DONOR,"19,630.00",4,6/24/2026
DON013491 ,DONOR,"99,120.00",19,1/14/2026
DON013408 ,DONOR,"21,230.00",5,9/15/2025
DON014126 ,DONOR,"3,190.00",1,
DON013972 ,DONOR,"6,900.00",2,3/4/2026
DON011323 ,DONOR,"8,930.00",2,
DON013402 ,DONOR,"2,690.00",1,9/3/2025
DON013604 ,DONOR,"1,970.00",1,3/11/2026
DON013735 ,DONOR,"3,620.00",1,12/8/2025
DON014352 ,DONOR,"9,090.00",2,3/25/2026
DON012764 ,DONOR,"3,490.00",2,4/24/2025
DON014467 ,DONOR,"24,500.00",5,7/22/2026
DON014060 ,DONOR,"5,630.00",1,
DON014772 ,DONOR,"41,400.00",8,
DON012767 ,DONOR,"40,210.00",7,4/20/2025
DON014342 ,DONOR,"23,710.00",4,4/1/2026
DON013772 ,DONOR,"45,370.00",7,
DON014923 ,DONOR,"14,810.00",3,7/8/2026
DON013731 ,DONOR,"13,680.00",3,10/29/2025
DON012983 ,DONOR,"15,260.00",5,7/14/2025
DON013792 ,DONOR,"3,610.00",1,11/5/2025
DON014949 ,DONOR,"2,710.00",1,6/3/2026
DON014321 ,DONOR,"11,310.00",3,7/15/2026
DON014927 ,DONOR,"4,670.00",2,6/3/2026
DON012415 ,DONOR,"16,860.00",3,6/23/2025
DON014539 ,DONOR,"59,360.00",11,
DON014972 ,DONOR,"49,470.00",10,6/10/2026
DON014524 ,DONOR,"7,500.00",1,2/25/2026
DON014910 ,DONOR,"12,180.00",3,7/8/2026
DON014030 ,DONOR,"3,130.00",1,
DON013890 ,DONOR,"5,650.00",1,11/30/2025
DON013524 ,DONOR,"36,110.00",7,
DON013035 ,DONOR,"4,780.00",3,6/10/2025
DON012978 ,DONOR,"3,030.00",1,
DON012500 ,DONOR,"32,140.00",6,1/25/2026
DON012356 ,DONOR,"82,970.00",17,
DON012452 ,DONOR,"5,450.00",1,3/9/2025
DON012306 ,DONOR,"3,840.00",1,
DON015142 ,DONOR,"4,920.00",1,7/15/2026
DON013130 ,DONOR,"3,320.00",1,7/31/2025
DON013902 ,DONOR,"3,030.00",1,11/27/2025
DON014889 ,DONOR,"10,930.00",2,5/13/2026
DON012571 ,DONOR,"9,140.00",3,3/27/2025
DON013689 ,DONOR,"3,960.00",1,
DON013738 ,DONOR,"4,510.00",1,11/19/2025
DON012840 ,DONOR,"15,790.00",4,
DON014622 ,DONOR,"3,800.00",1,4/22/2026
DON014736 ,DONOR,"5,430.00",2,4/22/2026
DON012465 ,DONOR,"17,690.00",5,
DON011954 ,DONOR,"11,790.00",3,
DON013091 ,DONOR,"10,220.00",3,6/10/2025
DON014427 ,DONOR,"4,190.00",2,4/1/2026
DON012189 ,DONOR,"6,330.00",1,9/3/2025
DON015157 ,DONOR,"3,450.00",1,7/29/2026
DON014558 ,DONOR,"9,860.00",2,4/29/2026
DON015168 ,DONOR,"2,710.00",1,7/15/2026
DON012342 ,DONOR,"7,170.00",2,9/8/2025
DON013193 ,DONOR,"31,790.00",6,8/17/2025
DON013114 ,DONOR,"7,660.00",3,6/17/2025
DON014731 ,DONOR,"70,390.00",13,5/27/2026
DON011589 ,DONOR,"3,130.00",1,
DON015041 ,DONOR,"23,190.00",4,8/5/2026
DON014195 ,DONOR,"8,640.00",2,
DON014182 ,DONOR,"4,980.00",2,2/18/2026
DON012952 ,DONOR,"31,180.00",8,"2025-07-01, 2025-07-01"
DON014580 ,DONOR,"30,690.00",4,4/1/2026
DON014798 ,DONOR,"4,230.00",1,5/6/2026
DON013117 ,DONOR,"16,340.00",3,6/17/2025
DON013690 ,DONOR,"10,380.00",2,11/12/2025
DON012173 ,DONOR,"43,250.00",9,3/24/2025
DON012775 ,DONOR,"34,850.00",6,4/22/2025
DON012935 ,DONOR,"46,040.00",9,9/24/2025
DON014027 ,DONOR,550,1,10/8/2025
DON014973 ,DONOR,"6,420.00",1,6/17/2026
DON014791 ,DONOR,"3,540.00",1,5/13/2026
DON014012 ,DONOR,"31,590.00",8,6/10/2026
DON012241 ,DONOR,"59,050.00",12,
DON013221 ,DONOR,"5,100.00",3,7/16/2025
DON012315 ,DONOR,"18,540.00",3,4/18/2025
DON014392 ,DONOR,"4,980.00",1,
DON012774 ,DONOR,"10,890.00",3,7/3/2025
DON013629 ,DONOR,"13,410.00",2,10/29/2025
DON012713 ,DONOR,"29,670.00",7,
DON013300 ,DONOR,"3,080.00",1,8/17/2025
DON012486 ,DONOR,"3,460.00",2,3/6/2025
DON014303 ,DONOR,"3,410.00",1,3/11/2026
DON014668 ,DONOR,"26,110.00",5,5/27/2026
DON011890 ,DONOR,"51,420.00",7,7/19/2025
DON013367 ,DONOR,"16,930.00",4,8/6/2025
DON013231 ,DONOR,"10,730.00",3,6/22/2025
DON013424 ,DONOR,"286,540.00",51,
DON014322 ,DONOR,"3,370.00",1,2/4/2026
DON012563 ,DONOR,"3,400.00",2,3/3/2025
DON014220 ,DONOR,"45,800.00",10,7/15/2026
DON015121 ,DONOR,"17,000.00",4,7/29/2026
DON014939 ,DONOR,"37,110.00",6,7/1/2026
DON012590 ,DONOR,"7,440.00",3,5/25/2025
DON013346 ,DONOR,"9,350.00",2,9/1/2025
DON013016 ,DONOR,"3,230.00",3,
DON014579 ,DONOR,"3,430.00",1,3/25/2026
DON013928 ,DONOR,"36,620.00",7,1/14/2026
DON013374 ,DONOR,"17,230.00",3,9/1/2025
DON011631 ,DONOR,"7,090.00",2,
DON012516 ,DONOR,"7,530.00",3,6/18/2025
DON012880 ,DONOR,"63,800.00",11,9/1/2025
DON013639 ,DONOR,"6,840.00",2,3/18/2026
DON014150 ,DONOR,"3,230.00",1,
DON012913 ,DONOR,"64,280.00",11,
DON012018 ,DONOR,"6,100.00",1,
DON014424 ,DONOR,"21,400.00",4,7/8/2026
DON012757 ,DONOR,"43,790.00",8,10/5/2025
DON013965 ,DONOR,"2,930.00",1,
DON013295 ,DONOR,"4,400.00",1,8/9/2025
DON014534 ,DONOR,"9,470.00",2,
DON012491 ,DONOR,"6,670.00",2,3/9/2025
DON011929 ,DONOR,"14,360.00",2,2/10/2025
DON012188 ,DONOR,"31,870.00",5,3/17/2025
DON014324 ,DONOR,"21,090.00",5,5/20/2026
DON012848 ,DONOR,"4,860.00",2,6/2/2025
DON013101 ,DONOR,"16,820.00",5,
DON012229 ,DONOR,"1,980.00",1,3/13/2025
DON013239 ,DONOR,"7,280.00",2,
DON012842 ,DONOR,"14,160.00",6,
DON014374 ,DONOR,"9,810.00",2,
DON013420 ,DONOR,"12,660.00",2,9/12/2025
DON014086 ,DONOR,"13,510.00",4,
DON013053 ,DONOR,"14,720.00",4,10/4/2025
DON013996 ,DONOR,"4,560.00",1,12/3/2025
DON014825 ,DONOR,"12,220.00",2,6/17/2026
DON012988 ,DONOR,"27,870.00",6,10/22/2025
DON014638 ,DONOR,"7,920.00",2,7/8/2026
DON013615 ,DONOR,"64,170.00",12,
DON014494 ,DONOR,"12,480.00",3,4/8/2026
DON013706 ,DONOR,"14,970.00",3,6/17/2026
DON014183 ,DONOR,"4,560.00",1,3/18/2026
DON014287 ,DONOR,"15,400.00",3,
DON012874 ,DONOR,"21,710.00",5,
DON012955 ,DONOR,"129,110.00",26,
DON013959 ,DONOR,"5,260.00",2,7/15/2026
DON011830 ,DONOR,"16,630.00",3,
DON013051 ,DONOR,"11,130.00",3,6/29/2025
DON014990 ,DONOR,"7,410.00",1,6/24/2026
DON013401 ,DONOR,"15,890.00",3,10/15/2025
DON012871 ,DONOR,"13,850.00",5,10/1/2025
DON013819 ,DONOR,"11,230.00",3,12/31/2025
DON013108 ,DONOR,"35,100.00",8,10/4/2025
DON012933 ,DONOR,"16,490.00",3,6/26/2025
DON013755 ,DONOR,"7,740.00",2,
DON013782 ,DONOR,"4,960.00",2,6/24/2026
DON012631 ,DONOR,"5,530.00",2,3/6/2025
DON015113 ,DONOR,"2,880.00",1,7/15/2026
DON013039 ,DONOR,"27,340.00",6,
DON012245 ,DONOR,"87,670.00",15,8/9/2025
DON014185 ,DONOR,"47,770.00",9,2/4/2026
DON012886 ,DONOR,"3,880.00",2,5/4/2025
DON014371 ,DONOR,"9,380.00",4,
DON013718 ,DONOR,"9,360.00",2,11/12/2025
DON014780 ,DONOR,"15,610.00",3,5/27/2026
DON014261 ,DONOR,"4,790.00",2,3/18/2026
DON011677 ,DONOR,"4,080.00",1,
DON013264 ,DONOR,"15,550.00",3,7/17/2025
DON014162 ,DONOR,"11,500.00",2,
DON012940 ,DONOR,"5,410.00",2,
DON012708 ,DONOR,"4,200.00",2,
DON013395 ,DONOR,"56,570.00",10,9/16/2025
DON014508 ,DONOR,"16,960.00",3,5/27/2026
DON014875 ,DONOR,"3,090.00",1,6/17/2026
DON014666 ,DONOR,"31,730.00",5,7/1/2026
DON013322 ,DONOR,"3,250.00",1,9/2/2025
DON013558 ,DONOR,"6,040.00",1,9/2/2025
DON014783 ,DONOR,"12,120.00",2,5/6/2026
DON013896 ,DONOR,"5,310.00",1,9/23/2025
DON013416 ,DONOR,"55,630.00",10,8/27/2025
DON014527 ,DONOR,"8,720.00",2,6/10/2026
DON014016 ,DONOR,"5,770.00",1,
DON013656 ,DONOR,"7,950.00",2,10/15/2025
DON013303 ,DONOR,"6,340.00",3,"2025-08-04, 2025-08-04"
DON013793 ,DONOR,"3,560.00",1,11/26/2025
DON013660 ,DONOR,"6,020.00",1,10/7/2025
DON013796 ,DONOR,"25,780.00",5,3/11/2026
DON015029 ,DONOR,"80,920.00",16,7/8/2026
DON014497 ,DONOR,"2,900.00",1,3/18/2026
DON014058 ,DONOR,"14,230.00",3,7/1/2026
DON013991 ,DONOR,"6,270.00",2,
DON014887 ,DONOR,"15,240.00",2,6/17/2026
DON013022 ,DONOR,"11,190.00",4,5/26/2025
DON011742 ,DONOR,"4,160.00",1,
DON013331 ,DONOR,"54,180.00",14,7/27/2025
DON014808 ,DONOR,"15,020.00",3,6/24/2026
DON014234 ,DONOR,"14,530.00",3,
DON013977 ,DONOR,"46,020.00",9,4/8/2026
DON012140 ,DONOR,"12,620.00",2,
DON014323 ,DONOR,"34,540.00",6,
DON014008 ,DONOR,"27,310.00",5,3/18/2026
DON014819 ,DONOR,"5,920.00",2,6/10/2026
DON013795 ,DONOR,"10,310.00",3,12/22/2025
DON013314 ,DONOR,"5,410.00",2,
DON012816 ,DONOR,"16,560.00",6,12/31/2025
DON014278 ,DONOR,"20,400.00",5,4/1/2026
DON013822 ,DONOR,"7,590.00",2,
DON015016 ,DONOR,"23,100.00",4,
DON012717 ,DONOR,"18,310.00",4,10/15/2025
DON014109 ,DONOR,"20,060.00",4,
DON013383 ,DONOR,"82,010.00",15,3/11/2026
DON011994 ,DONOR,"7,980.00",1,5/7/2025
DON011741 ,DONOR,"11,220.00",2,
DON012145 ,DONOR,"3,270.00",1,2/28/2025
DON014691 ,DONOR,"3,140.00",1,4/22/2026
DON013663 ,DONOR,620,2,
DON014583 ,DONOR,"2,860.00",1,5/13/2026
DON012402 ,DONOR,"30,850.00",5,2/3/2025
DON014348 ,DONOR,"6,800.00",2,3/25/2026
DON014848 ,DONOR,"6,510.00",1,6/24/2026
DON014858 ,DONOR,200,1,
DON012856 ,DONOR,"51,390.00",8,6/9/2025
DON013970 ,DONOR,"2,940.00",1,11/29/2025
DON014766 ,DONOR,"21,440.00",4,6/3/2026
DON012948 ,DONOR,"53,070.00",8,
DON013112 ,DONOR,"4,690.00",2,6/11/2025
DON012649 ,DONOR,"86,190.00",16,
DON012688 ,DONOR,"15,950.00",3,3/30/2025
DON013654 ,DONOR,"19,220.00",3,
DON013144 ,DONOR,"4,010.00",2,7/14/2025
DON014463 ,DONOR,"5,260.00",1,3/25/2026
DON012823 ,DONOR,"4,080.00",1,5/5/2025
DON013240 ,DONOR,"3,570.00",1,7/13/2025
DON014398 ,DONOR,"4,120.00",1,2/25/2026
DON012663 ,DONOR,"8,860.00",3,5/9/2025
DON014746 ,DONOR,"11,360.00",2,6/10/2026
DON013543 ,DONOR,"3,250.00",1,9/10/2025
DON012937 ,DONOR,"21,400.00",4,
DON011527 ,DONOR,"10,830.00",2,6/28/2025
DON013790 ,DONOR,"11,560.00",2,10/29/2025
DON012901 ,DONOR,"34,960.00",6,7/12/2025
DON012094 ,DONOR,"23,780.00",5,
DON013579 ,DONOR,"18,980.00",4,7/29/2025
DON014786 ,DONOR,"35,700.00",6,7/1/2026
DON013818 ,DONOR,"10,590.00",2,12/3/2025
DON011167 ,DONOR,"2,130.00",1,2/24/2025
DON014227 ,DONOR,"19,620.00",4,3/25/2026
DON012906 ,DONOR,"6,540.00",2,5/15/2025
DON012636 ,DONOR,"12,930.00",3,8/3/2025
DON012445 ,DONOR,"29,640.00",5,
DON014634 ,DONOR,"3,120.00",1,3/25/2026
DON012493 ,DONOR,"76,280.00",14,6/8/2025
DON013123 ,DONOR,"7,750.00",3,8/3/2025
DON013541 ,DONOR,"397,760.00",61,
DON014456 ,DONOR,"10,880.00",2,6/3/2026
DON012177 ,DONOR,530,1,
DON012042 ,DONOR,"31,980.00",5,11/19/2025
DON013089 ,DONOR,"3,120.00",1,6/14/2025
DON013421 ,DONOR,"13,570.00",5,
DON012304 ,DONOR,"2,650.00",1,3/17/2025
DON014817 ,DONOR,"14,880.00",3,5/13/2026
DON014882 ,DONOR,"14,750.00",3,6/17/2026
DON013258 ,DONOR,"6,050.00",3,1/14/2026
DON013978 ,DONOR,"28,590.00",5,2/4/2026
DON014684 ,DONOR,"26,520.00",5,7/22/2026
DON013545 ,DONOR,"14,190.00",3,11/19/2025
DON014915 ,DONOR,"11,410.00",2,6/24/2026
DON012217 ,DONOR,"11,600.00",2,10/29/2025
DON012376 ,DONOR,"9,620.00",2,3/3/2025
DON014917 ,DONOR,"6,530.00",1,5/27/2026
DON012721 ,DONOR,"1,920.00",1,
DON013428 ,DONOR,"3,640.00",1,9/9/2025
DON014113 ,DONOR,"3,250.00",1,
DON012695 ,DONOR,"60,760.00",9,4/18/2025
DON014279 ,DONOR,"14,450.00",3,3/18/2026
DON015000 ,DONOR,"8,320.00",2,
DON014560 ,DONOR,"85,900.00",19,4/15/2026
DON010647 ,DONOR,"26,330.00",4,
DON013974 ,DONOR,"12,420.00",4,
DON013518 ,DONOR,"54,210.00",10,
DON013872 ,DONOR,"2,840.00",1,11/26/2025
DON012975 ,DONOR,"23,040.00",5,2/11/2026
DON014349 ,DONOR,"8,920.00",2,7/1/2026
DON014469 ,DONOR,"32,820.00",8,5/13/2026
DON015012 ,DONOR,"9,360.00",2,
DON012878 ,DONOR,"3,710.00",2,4/28/2025
DON013379 ,DONOR,"16,950.00",4,7/30/2025
DON012283 ,DONOR,"172,040.00",30,
DON014893 ,DONOR,"6,980.00",1,5/27/2026
DON014868 ,DONOR,"26,730.00",5,6/3/2026
DON013033 ,DONOR,"6,080.00",2,6/27/2025
DON014277 ,DONOR,"3,880.00",1,2/11/2026
DON013156 ,DONOR,"4,130.00",3,8/14/2025
DON014415 ,DONOR,"35,080.00",5,3/25/2026
DON011676 ,DONOR,"18,360.00",3,4/19/2025
DON013669 ,DONOR,"10,840.00",2,11/19/2025
DON013477 ,DONOR,"4,400.00",1,
DON012589 ,DONOR,"30,890.00",8,4/13/2025
DON014673 ,DONOR,"25,520.00",4,
DON011432 ,DONOR,"5,870.00",2,7/23/2025
DON012609 ,DONOR,"20,900.00",6,
DON014105 ,DONOR,"3,550.00",1,
DON013046 ,DONOR,"8,870.00",3,
DON014273 ,DONOR,"6,280.00",2,1/21/2026
DON012124 ,DONOR,"65,880.00",10,6/4/2025
DON013548 ,DONOR,"3,510.00",1,10/15/2025
DON012762 ,DONOR,"75,150.00",14,6/10/2025
DON013233 ,DONOR,"43,960.00",7,
DON015071 ,DONOR,"37,440.00",6,7/8/2026
DON014755 ,DONOR,"3,170.00",1,
DON013286 ,DONOR,"3,100.00",1,7/30/2025
DON012154 ,DONOR,"21,120.00",4,
DON014849 ,DONOR,"9,800.00",2,7/1/2026
DON014009 ,DONOR,"5,910.00",1,
DON015082 ,DONOR,"5,800.00",1,7/8/2026
DON011602 ,DONOR,840,1,
DON012911 ,DONOR,"3,510.00",2,5/27/2025
DON012494 ,DONOR,"12,960.00",4,
DON014462 ,DONOR,"5,850.00",2,7/15/2026
DON013211 ,DONOR,"5,250.00",2,7/14/2025
DON013014 ,DONOR,"128,200.00",27,10/29/2025
DON013995 ,DONOR,"13,930.00",3,
DON012351 ,DONOR,"13,330.00",2,2/20/2025
DON014672 ,DONOR,"35,900.00",5,5/13/2026
DON013674 ,DONOR,"1,610.00",1,10/15/2025
DON011086 ,DONOR,"9,710.00",2,2/19/2025
DON012330 ,DONOR,"1,460.00",1,9/10/2025
DON012870 ,DONOR,"5,110.00",2,
DON012652 ,DONOR,"3,600.00",2,4/10/2025
DON012450 ,DONOR,"11,640.00",3,3/7/2025
DON012925 ,DONOR,"7,630.00",3,6/4/2025
DON014032 ,DONOR,"5,570.00",2,2/11/2026
DON014805 ,DONOR,"3,060.00",1,
DON014094 ,DONOR,"3,270.00",1,1/28/2026
DON014930 ,DONOR,"7,710.00",2,6/24/2026
DON013869 ,DONOR,"4,170.00",1,
DON013415 ,DONOR,"3,010.00",1,9/7/2025
DON012633 ,DONOR,"11,240.00",3,4/18/2025
DON012353 ,DONOR,"2,740.00",2,10/10/2025
DON012109 ,DONOR,"10,910.00",3,2/20/2025
DON014393 ,DONOR,"9,250.00",2,6/17/2026
DON012718 ,DONOR,"4,230.00",2,4/24/2025
DON012790 ,DONOR,"24,350.00",6,8/18/2025
DON011974 ,DONOR,"14,520.00",3,4/5/2025
DON013020 ,DONOR,"3,730.00",2,
DON013700 ,DONOR,"3,080.00",1,10/22/2025
DON013916 ,DONOR,"55,670.00",11,3/4/2026
DON013338 ,DONOR,"3,390.00",1,9/24/2025
DON013557 ,DONOR,"7,510.00",1,
DON013404 ,DONOR,"3,280.00",1,
DON014017 ,DONOR,"10,190.00",3,1/21/2026
DON014046 ,DONOR,"3,210.00",1,
DON013569 ,DONOR,"38,510.00",7,12/31/2025
DON013334 ,DONOR,"3,060.00",1,9/8/2025
DON014925 ,DONOR,"5,540.00",1,6/3/2026
DON014236 ,DONOR,"15,340.00",2,3/11/2026
DON013218 ,DONOR,"25,690.00",5,8/23/2025
DON012216 ,DONOR,"48,260.00",7,
DON014156 ,DONOR,"6,090.00",1,
DON013687 ,DONOR,"14,240.00",3,9/25/2025
DON012894 ,DONOR,"5,440.00",2,6/1/2025
DON013261 ,DONOR,"13,380.00",2,
DON013617 ,DONOR,"10,550.00",2,10/22/2025
DON013196 ,DONOR,"5,690.00",2,7/15/2025
DON014924 ,DONOR,"3,210.00",1,6/10/2026
DON012598 ,DONOR,"11,260.00",3,
DON012770 ,DONOR,"105,960.00",15,5/20/2025
DON014372 ,DONOR,"5,940.00",1,2/18/2026
DON014646 ,DONOR,"10,160.00",2,4/29/2026
DON013537 ,DONOR,"26,990.00",6,
DON014347 ,DONOR,"1,060.00",1,
DON014402 ,DONOR,"19,080.00",4,6/24/2026
DON015059 ,DONOR,"11,480.00",2,7/8/2026
DON012037 ,DONOR,"18,860.00",4,
DON014362 ,DONOR,"3,290.00",1,
DON012446 ,DONOR,"37,260.00",8,6/2/2025
DON013897 ,DONOR,"3,280.00",1,
DON014879 ,DONOR,"3,310.00",1,5/27/2026
DON014547 ,DONOR,"3,470.00",1,4/8/2026
DON013728 ,DONOR,"14,890.00",3,10/15/2025
DON014087 ,DONOR,"67,010.00",16,7/8/2026
DON013105 ,DONOR,"58,940.00",9,2/18/2026
DON013499 ,DONOR,"38,410.00",7,9/16/2025
DON013732 ,DONOR,"3,170.00",1,6/3/2026
DON012942 ,DONOR,"5,950.00",2,6/10/2025
DON012102 ,DONOR,"22,460.00",4,3/8/2025
DON015028 ,DONOR,"3,040.00",1,6/24/2026
DON013570 ,DONOR,"56,410.00",10,11/19/2025
DON013455 ,DONOR,"2,300.00",1,10/29/2025
DON012664 ,DONOR,"5,220.00",2,3/27/2025
DON012220 ,DONOR,"10,700.00",5,2/18/2025
DON014216 ,DONOR,"5,420.00",1,
DON014935 ,DONOR,"4,080.00",1,5/20/2026
DON013704 ,DONOR,"14,690.00",4,12/31/2025
DON011101 ,DONOR,"7,730.00",2,2/24/2025
DON012512 ,DONOR,"3,270.00",1,
DON014594 ,DONOR,"7,290.00",1,4/15/2026
DON014824 ,DONOR,"6,380.00",1,5/6/2026
DON014257 ,DONOR,"4,850.00",2,3/25/2026
DON012819 ,DONOR,"34,750.00",8,2/25/2026
DON013352 ,DONOR,"37,620.00",8,10/15/2025
DON014315 ,DONOR,"4,430.00",1,1/28/2026
DON014340 ,DONOR,"7,100.00",2,3/4/2026
DON013213 ,DONOR,"13,360.00",4,5/20/2026
DON014251 ,DONOR,"31,840.00",5,
DON012853 ,DONOR,"8,010.00",2,
DON013695 ,DONOR,"31,900.00",7,10/22/2025
DON012832 ,DONOR,"20,020.00",5,6/9/2025
DON013061 ,DONOR,"12,130.00",3,9/29/2025
DON013960 ,DONOR,"7,520.00",2,
DON014024 ,DONOR,"39,760.00",6,
DON014957 ,DONOR,"7,510.00",2,
DON014725 ,DONOR,"16,830.00",4,
DON014788 ,DONOR,"14,670.00",3,7/1/2026
DON014737 ,DONOR,"3,090.00",1,6/24/2026
DON014741 ,DONOR,"3,650.00",1,5/13/2026
DON012862 ,DONOR,"5,620.00",2,5/19/2025
DON015124 ,DONOR,"5,110.00",2,
DON012584 ,DONOR,"8,320.00",5,3/18/2026
DON013893 ,DONOR,"9,200.00",3,7/22/2026
DON013776 ,DONOR,"6,690.00",2,12/10/2025
DON012867 ,DONOR,"3,060.00",2,6/15/2025
DON014429 ,DONOR,"66,430.00",11,
DON014387 ,DONOR,"7,050.00",2,
DON014832 ,DONOR,"13,340.00",2,7/22/2026
DON014057 ,DONOR,"4,740.00",2,
DON014127 ,DONOR,"30,080.00",6,4/8/2026
DON012319 ,DONOR,"45,240.00",11,9/2/2025
DON013987 ,DONOR,"19,910.00",4,4/15/2026
DON013994 ,DONOR,"23,400.00",5,7/15/2026
DON013997 ,DONOR,"8,680.00",2,
DON012297 ,DONOR,"10,080.00",3,3/22/2025
DON013876 ,DONOR,880,1,
DON013857 ,DONOR,"3,700.00",1,12/3/2025
DON012792 ,DONOR,"3,440.00",1,
DON013078 ,DONOR,"24,910.00",5,7/8/2025
DON013827 ,DONOR,"11,380.00",2,2/18/2026
DON013693 ,DONOR,"4,710.00",1,
DON013040 ,DONOR,"9,410.00",3,8/4/2025
DON014042 ,DONOR,"7,690.00",2,
DON014067 ,DONOR,"4,170.00",2,1/14/2026
DON015163 ,DONOR,"5,590.00",2,7/22/2026
DON011996 ,DONOR,"7,610.00",2,3/17/2025
DON012686 ,DONOR,"7,400.00",2,4/1/2025
DON012951 ,DONOR,"9,470.00",3,
DON014205 ,DONOR,"3,240.00",1,2/4/2026
DON013716 ,DONOR,"4,130.00",1,"2025-11-19, 2025-11-19"
DON012488 ,DONOR,"3,590.00",2,2/6/2025
DON014332 ,DONOR,"112,040.00",23,7/22/2026
DON012765 ,DONOR,"10,460.00",3,4/26/2025
DON014831 ,DONOR,"19,290.00",4,
DON012525 ,DONOR,"15,520.00",4,8/17/2025
DON012580 ,DONOR,"7,410.00",2,
DON014596 ,DONOR,"50,880.00",11,6/24/2026
DON014674 ,DONOR,"3,160.00",1,5/6/2026
DON013585 ,DONOR,"8,430.00",2,10/22/2025
DON015002 ,DONOR,"12,620.00",2,6/10/2026
DON013525 ,DONOR,"4,430.00",1,9/3/2025
DON013237 ,DONOR,"15,150.00",5,
DON013921 ,DONOR,"19,460.00",4,3/11/2026
DON013069 ,DONOR,"20,250.00",5,4/8/2026
DON014431 ,DONOR,"21,700.00",4,4/22/2026
DON014945 ,DONOR,"16,510.00",3,7/1/2026
DON012047 ,DONOR,"13,180.00",2,
DON014102 ,DONOR,"3,820.00",1,
DON014082 ,DONOR,"39,440.00",8,
DON011540 ,DONOR,"15,400.00",3,8/5/2025
DON013054 ,DONOR,"11,160.00",4,
DON013473 ,DONOR,"15,310.00",3,
DON014064 ,DONOR,"10,470.00",3,4/15/2026
DON014328 ,DONOR,"3,400.00",1,
DON014384 ,DONOR,"3,480.00",1,
DON012909 ,DONOR,"1,520.00",3,7/3/2025
DON013705 ,DONOR,"11,070.00",3,10/29/2025
DON014132 ,DONOR,"7,990.00",2,4/1/2026
DON014164 ,DONOR,"5,230.00",1,4/15/2026
DON012998 ,DONOR,"2,910.00",2,6/8/2025
DON014748 ,DONOR,"3,530.00",1,4/29/2026
DON013332 ,DONOR,"2,550.00",1,
DON014982 ,DONOR,"6,510.00",1,6/3/2026
DON013148 ,DONOR,"28,670.00",6,10/15/2025
DON012518 ,DONOR,"1,620.00",1,4/28/2025
DON013328 ,DONOR,"17,440.00",3,9/8/2025
DON012639 ,DONOR,"14,230.00",3,7/9/2025
DON014122 ,DONOR,"31,040.00",5,
DON015018 ,DONOR,"3,670.00",1,7/15/2026
DON013483 ,DONOR,"539,330.00",85,4/22/2026
DON013225 ,DONOR,"23,190.00",5,5/13/2026
DON015023 ,DONOR,"9,020.00",3,7/15/2026
DON013634 ,DONOR,"81,890.00",13,2/25/2026
DON013006 ,DONOR,"84,700.00",14,
DON014272 ,DONOR,"7,180.00",1,1/28/2026
DON012753 ,DONOR,"35,630.00",6,4/10/2025
DON012393 ,DONOR,"148,380.00",23,4/1/2026
DON014001 ,DONOR,"3,140.00",1,11/26/2025
DON011380 ,DONOR,"3,660.00",2,3/16/2025
DON014797 ,DONOR,"15,980.00",3,6/17/2026
DON014441 ,DONOR,"78,910.00",14,6/3/2026
DON011499 ,DONOR,"15,610.00",3,4/16/2025
DON013697 ,DONOR,"3,910.00",1,
DON014599 ,DONOR,"126,420.00",24,6/3/2026
DON014301 ,DONOR,"8,270.00",2,
DON013711 ,DONOR,"17,960.00",3,
DON014645 ,DONOR,"104,660.00",18,7/29/2026
DON012273 ,DONOR,"16,620.00",2,1/6/2025
DON014749 ,DONOR,"11,800.00",2,6/3/2026
DON014477 ,DONOR,"113,090.00",19,7/15/2026
DON014543 ,DONOR,"35,970.00",7,4/29/2026
DON014640 ,DONOR,"16,880.00",3,5/6/2026
DON013212 ,DONOR,"49,090.00",10,11/5/2025
DON014269 ,DONOR,"46,650.00",6,
DON014811 ,DONOR,"6,510.00",1,5/20/2026
DON012858 ,DONOR,"2,770.00",2,5/4/2025
DON012815 ,DONOR,"20,080.00",5,10/8/2025
DON013963 ,DONOR,"4,290.00",1,2/4/2026
DON014853 ,DONOR,"3,740.00",1,5/13/2026
DON014369 ,DONOR,"5,320.00",1,3/4/2026
DON014186 ,DONOR,"3,020.00",1,
DON014810 ,DONOR,"9,300.00",2,6/3/2026
DON012693 ,DONOR,"82,970.00",14,7/13/2025
DON013287 ,DONOR,"6,010.00",1,9/1/2025
DON014518 ,DONOR,"4,560.00",1,3/18/2026
DON012667 ,DONOR,"4,040.00",2,4/4/2025
DON013758 ,DONOR,"31,050.00",5,
DON013341 ,DONOR,"29,600.00",6,11/26/2025
DON014084 ,DONOR,"2,970.00",1,7/29/2026
DON013392 ,DONOR,"14,090.00",3,10/15/2025
DON013917 ,DONOR,"275,550.00",46,7/29/2026
DON012754 ,DONOR,"10,950.00",4,
DON014551 ,DONOR,"44,430.00",8,6/3/2026
DON012709 ,DONOR,"12,520.00",4,3/22/2025
DON013102 ,DONOR,"7,180.00",2,6/24/2025
DON014214 ,DONOR,"17,250.00",3,3/18/2026
DON012979 ,DONOR,"38,010.00",6,7/13/2025
DON013920 ,DONOR,"3,380.00",1,11/26/2025
DON014172 ,DONOR,"4,700.00",1,1/21/2026
DON012683 ,DONOR,"5,980.00",2,4/26/2025
DON014015 ,DONOR,"11,360.00",2,1/28/2026
DON013299 ,DONOR,"8,310.00",3,
DON013589 ,DONOR,"3,230.00",1,10/7/2025
DON012795 ,DONOR,"8,520.00",3,5/13/2025
DON013620 ,DONOR,"3,450.00",1,2/25/2026
DON012560 ,DONOR,"19,990.00",5,3/20/2025
DON014391 ,DONOR,"3,090.00",1,7/29/2026
DON015145 ,DONOR,"3,450.00",1,7/15/2026
DON012707 ,DONOR,"13,280.00",4,5/8/2025
DON013633 ,DONOR,"7,290.00",1,10/22/2025
DON013021 ,DONOR,"8,690.00",2,6/11/2025
DON014796 ,DONOR,"7,300.00",2,5/27/2026
DON012653 ,DONOR,"24,490.00",6,5/27/2026
DON014111 ,DONOR,"3,330.00",2,
DON013010 ,DONOR,"4,280.00",1,10/12/2025
DON013652 ,DONOR,"44,330.00",8,11/12/2025
DON014769 ,DONOR,"4,730.00",1,6/10/2026
DON012305 ,DONOR,"20,710.00",5,10/29/2025
DON013651 ,DONOR,"40,660.00",9,
DON013435 ,DONOR,"7,280.00",1,
DON014125 ,DONOR,"17,370.00",4,4/1/2026
DON014153 ,DONOR,"26,760.00",4,
DON011385 ,DONOR,"21,230.00",3,6/24/2025
DON012943 ,DONOR,"13,020.00",4,
DON013497 ,DONOR,"27,000.00",4,6/3/2026
DON013829 ,DONOR,"107,560.00",20,7/15/2026
DON014095 ,DONOR,"2,880.00",1,
DON013536 ,DONOR,"11,750.00",3,
DON015058 ,DONOR,400,1,
DON015197 ,DONOR,"2,830.00",1,7/1/2026
DON014618 ,DONOR,"21,130.00",5,6/10/2026
DON014190 ,DONOR,"27,520.00",4,
DON012100 ,DONOR,"5,620.00",1,2/5/2025
DON012662 ,DONOR,"3,150.00",2,
DON013592 ,DONOR,"13,960.00",3,10/15/2025
DON014716 ,DONOR,"16,330.00",3,5/13/2026
DON013028 ,DONOR,"3,200.00",1,8/13/2025
DON014319 ,DONOR,"3,210.00",1,6/24/2026
DON013458 ,DONOR,"5,970.00",2,8/30/2025
DON013678 ,DONOR,"14,870.00",5,
DON012835 ,DONOR,"6,160.00",4,
DON015043 ,DONOR,"9,750.00",2,7/8/2026
DON012289 ,DONOR,"13,020.00",2,2/28/2025
DON014657 ,DONOR,"38,100.00",6,7/1/2026
DON013788 ,DONOR,"22,970.00",4,4/15/2026
DON014501 ,DONOR,"56,930.00",10,8/5/2026
DON012971 ,DONOR,"12,520.00",5,
DON014433 ,DONOR,"16,090.00",3,3/25/2026
DON013385 ,DONOR,"3,230.00",1,8/25/2025
DON013093 ,DONOR,"7,180.00",2,7/23/2025
DON012499 ,DONOR,"12,790.00",3,3/8/2025
DON014259 ,DONOR,"42,960.00",10,5/13/2026
DON014842 ,DONOR,"87,310.00",14,6/24/2026
DON013647 ,DONOR,"25,720.00",5,11/27/2025
DON014860 ,DONOR,"46,340.00",7,7/1/2026
DON013184 ,DONOR,"6,030.00",2,11/5/2025
DON014147 ,DONOR,"19,430.00",4,2/18/2026
DON012357 ,DONOR,"58,340.00",9,
DON013770 ,DONOR,"33,020.00",5,4/1/2026
DON012366 ,DONOR,"44,840.00",9,
DON013197 ,DONOR,"48,930.00",10,4/1/2026
DON013126 ,DONOR,"3,180.00",2,6/24/2025
DON013694 ,DONOR,"6,030.00",2,5/27/2026
DON011906 ,DONOR,"8,120.00",3,
DON012961 ,DONOR,"51,360.00",9,8/30/2025
DON014597 ,DONOR,"4,410.00",1,
DON013797 ,DONOR,"7,910.00",2,
DON014228 ,DONOR,"119,278.00",19,7/29/2026
DON012677 ,DONOR,"2,940.00",2,4/11/2025
DON013971 ,DONOR,"90,680.00",17,
DON012938 ,DONOR,"13,970.00",3,5/25/2025
DON013906 ,DONOR,"36,440.00",6,11/17/2025
DON012841 ,DONOR,"15,420.00",4,8/30/2025
DON014822 ,DONOR,"6,060.00",1,5/20/2026
DON014020 ,DONOR,"15,740.00",3,
DON015118 ,DONOR,"27,680.00",5,7/15/2026
DON013826 ,DONOR,"79,230.00",16,5/27/2026
DON013859 ,DONOR,"9,810.00",2,11/12/2025
DON014610 ,DONOR,"5,740.00",2,5/6/2026
DON012778 ,DONOR,"20,220.00",5,9/1/2025
DON014801 ,DONOR,"8,840.00",2,
DON014123 ,DONOR,"16,330.00",3,3/11/2026
DON014394 ,DONOR,"14,150.00",3,4/1/2026
DON013710 ,DONOR,"10,190.00",2,
DON013038 ,DONOR,"98,910.00",20,
DON012651 ,DONOR,"5,080.00",1,7/14/2025
DON013767 ,DONOR,"8,320.00",2,3/25/2026
DON014013 ,DONOR,"34,370.00",8,2/25/2026
DON013603 ,DONOR,"4,530.00",1,9/24/2025
DON012751 ,DONOR,"4,250.00",3,
DON013692 ,DONOR,"5,390.00",1,
DON013407 ,DONOR,"24,810.00",5,8/16/2025
DON014978 ,DONOR,"7,390.00",1,6/10/2026
DON014430 ,DONOR,"5,210.00",1,2/11/2026
DON012687 ,DONOR,"30,390.00",8,6/16/2025
DON014098 ,DONOR,"7,240.00",1,
DON012394 ,DONOR,"4,850.00",2,
DON012191 ,DONOR,"14,020.00",3,5/4/2025
DON012413 ,DONOR,"24,770.00",5,3/2/2025
DON014548 ,DONOR,"14,700.00",2,"2026-03-11, 2026-03-11"
DON013843 ,DONOR,"8,040.00",2,6/3/2026
DON012179 ,DONOR,"2,800.00",2,
DON014280 ,DONOR,"4,180.00",1,
DON011925 ,DONOR,"3,200.00",1,
DON012626 ,DONOR,"21,910.00",5,4/6/2025
DON013894 ,DONOR,"16,660.00",3,
DON012802 ,DONOR,"47,830.00",8,11/12/2025
DON015095 ,DONOR,"2,960.00",1,
DON013816 ,DONOR,"3,800.00",1,11/19/2025
DON013900 ,DONOR,"4,010.00",1,11/19/2025
DON013037 ,DONOR,"8,580.00",3,11/19/2025
DON013549 ,DONOR,"16,150.00",3,10/1/2025
DON014850 ,DONOR,"6,540.00",2,7/22/2026
DON012458 ,DONOR,"6,020.00",3,6/2/2025
DON011862 ,DONOR,"2,470.00",1,
DON012577 ,DONOR,"79,860.00",12,4/24/2025
DON011447 ,DONOR,"21,410.00",4,
DON014029 ,DONOR,"31,440.00",6,12/3/2025
DON013898 ,DONOR,"108,680.00",18,5/27/2026
DON012776 ,DONOR,"3,930.00",2,7/8/2025
DON014643 ,DONOR,"3,950.00",1,3/25/2026
DON013063 ,DONOR,"16,540.00",6,
DON015045 ,DONOR,"6,540.00",2,7/15/2026
DON014432 ,DONOR,"8,330.00",2,
DON014636 ,DONOR,"9,250.00",2,4/8/2026
DON012872 ,DONOR,"3,600.00",2,
DON013403 ,DONOR,"123,980.00",28,8/24/2025
DON013177 ,DONOR,"14,090.00",2,7/30/2025
DON013141 ,DONOR,"33,470.00",7,
DON014763 ,DONOR,"23,420.00",5,5/27/2026
DON012606 ,DONOR,"3,930.00",2,4/11/2025
DON011420 ,DONOR,"13,100.00",2,7/28/2025
DON011976 ,DONOR,"3,870.00",1,5/7/2025
DON014571 ,DONOR,"78,840.00",18,7/15/2026
DON012455 ,DONOR,"20,320.00",5,
DON014587 ,DONOR,"15,000.00",3,5/13/2026
DON015006 ,DONOR,"9,990.00",2,6/17/2026
DON012310 ,DONOR,"4,540.00",3,3/17/2025
DON011774 ,DONOR,"2,640.00",2,11/6/2024
DON014665 ,DONOR,"3,380.00",1,4/29/2026
DON012215 ,DONOR,"2,960.00",1,
DON014759 ,DONOR,"5,350.00",2,
DON014578 ,DONOR,"2,180.00",1,
DON013489 ,DONOR,"69,560.00",13,
DON013208 ,DONOR,"23,330.00",5,11/5/2025
DON012966 ,DONOR,"10,070.00",3,10/22/2025
DON014299 ,DONOR,"38,790.00",7,3/11/2026
DON015053 ,DONOR,"3,390.00",1,
DON012670 ,DONOR,"14,790.00",4,5/4/2025
DON013907 ,DONOR,"2,940.00",1,
DON012538 ,DONOR,"5,930.00",2,3/10/2025
DON014176 ,DONOR,"3,290.00",1,3/25/2026
DON013727 ,DONOR,"29,790.00",6,
DON015103 ,DONOR,"17,230.00",4,7/15/2026
DON013164 ,DONOR,"8,870.00",3,6/23/2025
DON013159 ,DONOR,"8,830.00",3,9/9/2025
DON012114 ,DONOR,"14,100.00",3,4/9/2025
DON012392 ,DONOR,"6,230.00",3,8/5/2025
DON012535 ,DONOR,"12,320.00",3,
DON014426 ,DONOR,"3,620.00",1,2/17/2026
DON011539 ,DONOR,"1,850.00",1,
DON014744 ,DONOR,"24,050.00",4,7/15/2026
DON014586 ,DONOR,"25,100.00",4,7/29/2026
DON012755 ,DONOR,"14,630.00",4,1/21/2026
DON012645 ,DONOR,"17,360.00",4,
DON014180 ,DONOR,"7,230.00",2,
DON011694 ,DONOR,"11,980.00",2,
DON014233 ,DONOR,"3,720.00",1,
DON014438 ,DONOR,"32,250.00",6,6/24/2026
DON013552 ,DONOR,"9,480.00",3,
DON013519 ,DONOR,"4,870.00",1,
DON013256 ,DONOR,"4,020.00",2,8/4/2025
DON013166 ,DONOR,"39,576.00",6,3/25/2026
DON014787 ,DONOR,"3,660.00",1,
DON014506 ,DONOR,"112,940.00",22,7/1/2026
DON014344 ,DONOR,"3,020.00",1,1/21/2026
DON012068 ,DONOR,"41,400.00",7,2/20/2025
DON015072 ,DONOR,"29,020.00",5,7/22/2026
DON014546 ,DONOR,"13,190.00",2,
DON013780 ,DONOR,"5,050.00",2,12/7/2025
DON015203 ,DONOR,"3,140.00",1,7/15/2026
DON012702 ,DONOR,"7,140.00",3,5/5/2025
DON013364 ,DONOR,"3,240.00",1,
DON014309 ,DONOR,"12,340.00",3,6/17/2026
DON012634 ,DONOR,"7,790.00",2,3/21/2025
DON015102 ,DONOR,"2,450.00",1,7/15/2026
DON014588 ,DONOR,"3,090.00",1,4/8/2026
DON013672 ,DONOR,"2,190.00",1,10/8/2025
DON012996 ,DONOR,"33,280.00",6,11/26/2025
DON014114 ,DONOR,"40,400.00",7,6/10/2026
DON014474 ,DONOR,"37,960.00",7,
DON013730 ,DONOR,"4,210.00",1,12/1/2025
DON013992 ,DONOR,"98,910.00",22,7/22/2026
DON013290 ,DONOR,"4,890.00",1,8/29/2025
DON014507 ,DONOR,"6,630.00",1,
DON014961 ,DONOR,"3,350.00",1,6/17/2026
DON011611 ,DONOR,"9,590.00",2,5/13/2025
DON014044 ,DONOR,"14,600.00",4,
DON014895 ,DONOR,"22,700.00",5,7/8/2026
DON011918 ,DONOR,"8,950.00",2,3/16/2025
DON014448 ,DONOR,"34,610.00",7,7/22/2026
DON013155 ,DONOR,"3,080.00",2,7/14/2025
DON013764 ,DONOR,"15,840.00",3,2/11/2026
DON012936 ,DONOR,"76,990.00",14,
DON012828 ,DONOR,"107,910.00",22,10/8/2025
DON014028 ,DONOR,"10,390.00",2,12/3/2025
DON014575 ,DONOR,"16,150.00",3,4/8/2026
DON014971 ,DONOR,"9,150.00",2,5/27/2026
DON011969 ,DONOR,"3,420.00",1,6/14/2025
DON013356 ,DONOR,"59,500.00",11,2/11/2026
DON014902 ,DONOR,"30,720.00",7,
DON014564 ,DONOR,"6,300.00",1,6/10/2026
DON013981 ,DONOR,"24,030.00",4,2/25/2026
DON012750 ,DONOR,"41,480.00",7,1/28/2026
DON012723 ,DONOR,"13,100.00",3,3/29/2025
DON013638 ,DONOR,"64,560.00",12,11/26/2025
DON012893 ,DONOR,"34,620.00",9,5/27/2025
DON013090 ,DONOR,"3,620.00",1,6/17/2025
DON014148 ,DONOR,"34,520.00",7,7/1/2026
DON011378 ,DONOR,"4,550.00",1,2/13/2025
DON012884 ,DONOR,"5,320.00",1,9/1/2025
DON015086 ,DONOR,"18,940.00",3,7/22/2026
DON012885 ,DONOR,"5,640.00",3,4/22/2026
DON014263 ,DONOR,"4,020.00",1,1/28/2026
DON014987 ,DONOR,"16,880.00",3,6/22/2026
DON013679 ,DONOR,"5,490.00",1,10/29/2025
DON011460 ,DONOR,"16,410.00",2,
DON012786 ,DONOR,"10,860.00",3,6/7/2025
DON014155 ,DONOR,"13,610.00",3,
DON014601 ,DONOR,"3,790.00",1,3/25/2026
DON013544 ,DONOR,"9,210.00",2,9/28/2025
DON014000 ,DONOR,"20,270.00",4,
DON013271 ,DONOR,"3,140.00",2,8/2/2025
DON013072 ,DONOR,"41,310.00",7,4/1/2026
DON014204 ,DONOR,"11,250.00",2,5/6/2026
DON014838 ,DONOR,"28,980.00",5,6/10/2026
DON013986 ,DONOR,"11,100.00",2,5/13/2026
DON015050 ,DONOR,"20,190.00",4,7/29/2026
DON014538 ,DONOR,"21,780.00",4,4/29/2026
DON012962 ,DONOR,"4,120.00",2,7/14/2025
DON010573 ,DONOR,"90,200.00",21,
DON014006 ,DONOR,"9,790.00",2,4/15/2026
DON012472 ,DONOR,"19,980.00",4,2/12/2025
DON013648 ,DONOR,"49,080.00",8,7/1/2026
DON015087 ,DONOR,"2,740.00",2,7/15/2026
DON014792 ,DONOR,"13,740.00",2,5/13/2026
DON015117 ,DONOR,"3,060.00",1,7/15/2026
DON009873 ,DONOR,"3,610.00",2,
DON015127 ,DONOR,"1,950.00",1,7/15/2026
DON013655 ,DONOR,"49,530.00",9,12/31/2025
DON014031 ,DONOR,"15,880.00",2,6/10/2026
DON013292 ,DONOR,"6,420.00",2,7/16/2025
DON014154 ,DONOR,"39,800.00",8,
DON014604 ,DONOR,"5,720.00",1,4/1/2026
DON012794 ,DONOR,"8,820.00",3,
DON013886 ,DONOR,"12,730.00",4,11/5/2025
DON013803 ,DONOR,"17,570.00",4,5/6/2026
DON013135 ,DONOR,"6,520.00",2,6/21/2025
DON013745 ,DONOR,"16,720.00",6,1/14/2026
DON013990 ,DONOR,"30,080.00",5,2/25/2026
DON014043 ,DONOR,"5,300.00",1,
DON014836 ,DONOR,"18,360.00",4,5/6/2026
DON013320 ,DONOR,"14,690.00",4,9/23/2025
DON013751 ,DONOR,"4,720.00",1,10/22/2025
DON012827 ,DONOR,"2,800.00",1,
DON015077 ,DONOR,"7,210.00",1,7/15/2026
DON014118 ,DONOR,"26,180.00",5,
DON012209 ,DONOR,"7,130.00",1,6/3/2025
DON012160 ,DONOR,"1,320.00",1,7/30/2025
DON013967 ,DONOR,"1,790.00",1,
DON013854 ,DONOR,"2,880.00",2,
DON014894 ,DONOR,"11,060.00",3,5/27/2026
DON011950 ,DONOR,"4,530.00",1,3/6/2025
DON014979 ,DONOR,"24,560.00",5,7/29/2026
DON014300 ,DONOR,"6,240.00",2,2/25/2026
DON012586 ,DONOR,"3,390.00",2,3/7/2025
DON014516 ,DONOR,"17,660.00",3,6/24/2026
DON012006 ,DONOR,"173,740.00",25,8/23/2025
DON013228 ,DONOR,"43,260.00",9,11/20/2025
DON013018 ,DONOR,"7,800.00",2,9/2/2025
DON013810 ,DONOR,"27,470.00",5,12/21/2025
DON013530 ,DONOR,"19,080.00",4,9/21/2025
DON013707 ,DONOR,"9,950.00",2,10/22/2025
DON012673 ,DONOR,"7,970.00",2,4/1/2025
DON012506 ,DONOR,"18,310.00",6,4/3/2025
DON014491 ,DONOR,"24,720.00",5,6/24/2026
DON014011 ,DONOR,"35,760.00",7,2/11/2026
DON012460 ,DONOR,"4,370.00",2,3/13/2025
DON014598 ,DONOR,"24,390.00",4,4/29/2026
DON014141 ,DONOR,"45,190.00",7,6/17/2026
DON014480 ,DONOR,"7,580.00",1,7/15/2026
DON014867 ,DONOR,"10,730.00",2,7/1/2026
DON013966 ,DONOR,"53,780.00",11,6/24/2026
DON012837 ,DONOR,"20,370.00",7,10/8/2025
DON013359 ,DONOR,"2,750.00",1,9/1/2025
DON012912 ,DONOR,"8,830.00",2,8/13/2025
DON014509 ,DONOR,"3,020.00",1,3/25/2026
DON010211 ,DONOR,"1,060.00",1,
DON014341 ,DONOR,"26,250.00",5,2/11/2026
DON012672 ,DONOR,"5,980.00",2,4/14/2025
DON014655 ,DONOR,"2,770.00",1,5/13/2026
DON012924 ,DONOR,"95,920.00",17,8/19/2025
DON013469 ,DONOR,"27,740.00",6,11/19/2025
DON013431 ,DONOR,"11,820.00",2,9/1/2025
DON013698 ,DONOR,"27,420.00",8,
DON012968 ,DONOR,440,1,
DON014699 ,DONOR,"5,120.00",1,
DON013932 ,DONOR,"47,790.00",10,
DON011347 ,DONOR,"34,130.00",6,
DON014270 ,DONOR,"8,280.00",2,3/11/2026
DON012564 ,DONOR,"11,820.00",3,5/20/2025
DON015055 ,DONOR,"21,800.00",3,7/1/2026
DON010201 ,DONOR,"10,250.00",2,
DON014557 ,DONOR,"22,810.00",4,7/22/2026
DON013682 ,DONOR,"3,810.00",1,
DON013677 ,DONOR,"3,170.00",1,
DON014541 ,DONOR,"19,000.00",4,4/29/2026
DON012561 ,DONOR,"12,700.00",3,3/8/2025
DON013675 ,DONOR,"39,380.00",8,
DON013500 ,DONOR,"10,140.00",3,3/4/2026
DON012337 ,DONOR,"20,140.00",4,
DON012899 ,DONOR,"14,760.00",4,
DON013224 ,DONOR,"17,110.00",4,9/30/2025
DON013643 ,DONOR,"16,620.00",4,"2025-10-04, 2025-10-04"
DON014782 ,DONOR,"6,780.00",1,4/29/2026
DON013568 ,DONOR,"12,710.00",2,10/15/2025
DON013418 ,DONOR,"3,990.00",1,9/24/2025
DON013371 ,DONOR,"4,380.00",1,8/14/2025
DON013850 ,DONOR,"5,280.00",3,4/15/2026
DON011122 ,DONOR,"13,610.00",3,6/19/2025
DON014901 ,DONOR,"24,230.00",5,5/27/2026
DON015196 ,DONOR,"31,470.00",5,7/22/2026
DON014310 ,DONOR,"8,110.00",2,3/18/2026
DON012939 ,DONOR,"24,970.00",8,7/8/2026
DON013913 ,DONOR,"11,270.00",2,
DON014395 ,DONOR,"6,110.00",1,2/11/2026
DON012213 ,DONOR,"19,860.00",5,
DON012146 ,DONOR,"10,840.00",2,4/10/2025
DON013952 ,DONOR,"3,860.00",1,11/23/2025
DON012614 ,DONOR,"20,410.00",5,8/22/2025
DON014481 ,DONOR,"3,130.00",1,4/15/2026
DON013964 ,DONOR,"66,740.00",13,3/4/2026
DON015179 ,DONOR,"3,240.00",1,7/22/2026
DON014964 ,DONOR,"3,010.00",1,6/10/2026
DON012438 ,DONOR,"31,540.00",5,5/5/2025
DON014632 ,DONOR,"2,980.00",1,
DON013746 ,DONOR,980,1,
DON014158 ,DONOR,"2,130.00",1,4/22/2026
DON014734 ,DONOR,"4,690.00",1,5/27/2026
DON013263 ,DONOR,"84,970.00",15,
DON012389 ,DONOR,"2,630.00",2,2/4/2025
DON013002 ,DONOR,"5,270.00",3,6/8/2025
DON013712 ,DONOR,"26,470.00",4,
DON013206 ,DONOR,"14,180.00",4,
DON014881 ,DONOR,"3,690.00",1,5/20/2026
DON013361 ,DONOR,"28,950.00",5,8/30/2025
DON014859 ,DONOR,"22,360.00",5,6/17/2026
DON015105 ,DONOR,"2,820.00",1,6/24/2026
DON013175 ,DONOR,"11,370.00",2,8/6/2025
DON010877 ,DONOR,"52,700.00",7,
DON014232 ,DONOR,"8,500.00",4,7/1/2026
DON014107 ,DONOR,"3,650.00",1,
DON012807 ,DONOR,"13,980.00",3,6/2/2025
DON013266 ,DONOR,"7,440.00",2,
DON013739 ,DONOR,"12,080.00",3,
DON012222 ,DONOR,"6,650.00",4,11/5/2025
DON012367 ,DONOR,"6,330.00",2,4/7/2025
DON013526 ,DONOR,"7,030.00",3,3/4/2026
DON012061 ,DONOR,"12,250.00",2,4/13/2025
DON014713 ,DONOR,"3,610.00",1,7/15/2026
DON012230 ,DONOR,"5,470.00",1,6/7/2025
DON014335 ,DONOR,"3,640.00",1,3/11/2026
DON008592 ,DONOR,"6,850.00",1,8/9/2025
DON013163 ,DONOR,"8,120.00",2,11/5/2025
DON014870 ,DONOR,"10,180.00",4,7/15/2026
DON013434 ,DONOR,"35,070.00",6,
DON012129 ,DONOR,"22,360.00",3,3/28/2025
DON013079 ,DONOR,"4,680.00",2,6/26/2025
DON013182 ,DONOR,"3,180.00",2,7/3/2025
DON013343 ,DONOR,"9,420.00",3,11/5/2025
DON015060 ,DONOR,"14,430.00",3,7/22/2026
DON013596 ,DONOR,"12,530.00",3,
DON013429 ,DONOR,"7,900.00",3,9/2/2025
DON012969 ,DONOR,"6,180.00",3,10/22/2025
DON013342 ,DONOR,"13,410.00",2,9/1/2025
DON013389 ,DONOR,"5,620.00",1,7/1/2026
DON013984 ,DONOR,"7,600.00",2,12/31/2025
DON012900 ,DONOR,"3,880.00",2,6/18/2025
DON014034 ,DONOR,"5,230.00",1,12/21/2025
DON013811 ,DONOR,"8,550.00",2,11/5/2025
DON014077 ,DONOR,"28,470.00",4,2/11/2026
DON014381 ,DONOR,"2,730.00",1,4/1/2026
DON012847 ,DONOR,"5,190.00",2,5/19/2025
DON013931 ,DONOR,"36,050.00",7,
DON011366 ,DONOR,"13,750.00",2,
DON014229 ,DONOR,"24,790.00",5,4/15/2026
DON014740 ,DONOR,"12,300.00",2,4/22/2026
DON013288 ,DONOR,"8,880.00",2,10/4/2025
DON013531 ,DONOR,"2,970.00",1,9/7/2025
DON013849 ,DONOR,"15,230.00",4,
DON013630 ,DONOR,"13,030.00",5,9/21/2025
DON012072 ,DONOR,"4,880.00",1,2/19/2025
DON014908 ,DONOR,"6,670.00",3,7/15/2026
DON011596 ,DONOR,"5,990.00",1,3/9/2025
DON011119 ,DONOR,20,1,
DON014197 ,DONOR,"9,250.00",2,2/11/2026
DON013362 ,DONOR,"8,450.00",2,
DON014317 ,DONOR,"4,520.00",1,2/11/2026
DON013293 ,DONOR,"15,830.00",4,10/31/2025
DON013277 ,DONOR,"4,720.00",1,8/13/2025
DON013365 ,DONOR,"95,370.00",16,
DON013176 ,DONOR,"10,460.00",2,10/4/2025
DON012023 ,DONOR,"5,240.00",1,3/16/2025
DON013799 ,DONOR,"8,820.00",2,
DON015014 ,DONOR,"3,100.00",1,7/15/2026
DON013032 ,DONOR,"12,950.00",2,8/13/2025
DON012521 ,DONOR,"34,610.00",8,
DON014137 ,DONOR,"9,720.00",2,4/8/2026
DON012701 ,DONOR,"12,170.00",4,4/5/2025
DON012805 ,DONOR,"61,780.00",9,6/16/2025
DON014294 ,DONOR,"3,140.00",1,5/27/2026
DON013759 ,DONOR,"3,960.00",1,11/5/2025
DON012005 ,DONOR,"9,280.00",2,4/7/2025
DON014193 ,DONOR,"5,160.00",2,
DON015083 ,DONOR,"13,050.00",2,8/5/2026
DON015173 ,DONOR,"10,220.00",2,7/22/2026
DON014121 ,DONOR,"5,480.00",1,
DON014753 ,DONOR,"15,480.00",2,
DON012234 ,DONOR,"4,580.00",2,3/8/2025
DON014854 ,DONOR,"2,000.00",1,5/6/2026
DON012731 ,DONOR,"4,450.00",2,3/28/2025
DON012011 ,DONOR,"4,840.00",2,
DON012844 ,DONOR,"4,070.00",2,5/9/2025
DON013946 ,DONOR,"45,130.00",7,
DON011648 ,DONOR,"4,220.00",2,9/30/2025
DON013318 ,DONOR,"11,050.00",2,7/31/2025
DON013532 ,DONOR,"10,710.00",3,
DON013922 ,DONOR,"20,590.00",5,4/15/2026
DON014112 ,DONOR,"10,890.00",3,
DON014742 ,DONOR,"5,560.00",2,6/3/2026
DON014843 ,DONOR,"3,070.00",1,6/3/2026
DON014531 ,DONOR,"17,060.00",3,7/15/2026
DON012946 ,DONOR,"14,960.00",4,2/18/2026
DON013801 ,DONOR,"8,740.00",2,
DON012548 ,DONOR,"7,420.00",5,
DON012576 ,DONOR,"4,590.00",2,3/9/2025
DON011094 ,DONOR,"1,160.00",1,3/7/2025
DON014778 ,DONOR,"14,840.00",3,6/10/2026
DON013440 ,DONOR,"11,580.00",2,
DON013094 ,DONOR,"131,560.00",26,6/17/2026
DON014764 ,DONOR,"28,600.00",7,5/13/2026
DON014055 ,DONOR,"25,700.00",5,2/18/2026
DON012566 ,DONOR,"29,370.00",5,3/9/2025
DON015063 ,DONOR,"6,440.00",1,7/15/2026
DON012083 ,DONOR,"45,210.00",12,7/8/2026
DON012958 ,DONOR,"6,770.00",3,5/26/2025
DON012888 ,DONOR,"21,130.00",5,9/1/2025
DON011581 ,DONOR,"58,650.00",10,12/23/2025
DON014906 ,DONOR,"26,900.00",4,7/15/2026
DON014712 ,DONOR,"10,320.00",3,6/24/2026
DON013749 ,DONOR,"2,940.00",1,
DON013348 ,DONOR,"14,330.00",3,9/1/2025
DON013641 ,DONOR,"96,600.00",16,2/4/2026
DON012202 ,DONOR,"2,340.00",2,
DON013726 ,DONOR,"37,440.00",8,
DON014076 ,DONOR,"31,020.00",6,
DON012956 ,DONOR,"18,870.00",5,9/21/2025
DON013982 ,DONOR,"4,690.00",1,
DON014285 ,DONOR,"5,220.00",2,
DON013230 ,DONOR,"14,080.00",7,3/11/2026
DON011671 ,DONOR,"29,990.00",5,7/21/2025
DON013465 ,DONOR,"15,120.00",3,3/4/2026
DON014554 ,DONOR,"24,630.00",6,6/10/2026
DON013821 ,DONOR,"7,000.00",2,6/17/2026
DON014160 ,DONOR,"3,230.00",1,4/10/2026
DON014296 ,DONOR,"16,010.00",3,3/11/2026
DON012549 ,DONOR,"33,790.00",8,9/2/2025
DON014143 ,DONOR,"6,840.00",2,
DON014468 ,DONOR,"3,730.00",1,4/8/2026
DON014565 ,DONOR,"110,230.00",18,7/22/2026
DON013355 ,DONOR,"11,200.00",3,
DON014728 ,DONOR,"3,250.00",1,5/13/2026
DON014872 ,DONOR,"21,910.00",4,5/27/2026
DON013446 ,DONOR,"7,320.00",2,9/3/2025
DON013116 ,DONOR,"57,470.00",14,
DON014754 ,DONOR,"4,140.00",1,6/3/2026
